actual,predicted,residual
350281.4847182977,316636.898604413,33644.586113884696
238534.4032266508,245793.0953807109,-7258.692154060118
223550.5274134367,222084.4079464977,1466.1194669390097
233196.89766348831,231463.17523018824,1733.7224333000777
387859.7686665525,378538.8751703438,9320.893496208708
80705.99782608997,126495.38114013357,-45789.3833140436
210892.53494765397,247179.14666239536,-36286.61171474139
157576.71837804245,203474.02453475265,-45897.3061567102
260014.39324148663,248667.62294848208,11346.770293004549
203015.42679234437,204065.27073993272,-1049.8439475883497
334179.3546624807,377987.3833011412,-43808.0286386605
298794.1563496897,282621.80755349854,16172.34879619116
206402.36185306852,204829.1514370588,1573.2104160097078
385794.2315395361,396483.5710495517,-10689.33951001562
412619.0699953844,398929.03569080564,13690.03430457873
169183.19074930216,152314.69469614595,16868.49605315621
348084.193219578,344161.69437767804,3922.498841899971
207371.55097967008,198767.15235060971,8604.398629060364
299648.39557513746,318074.15013090253,-18425.754555765074
296481.46281260176,271310.82616546255,25170.63664713921
147591.96296624574,167839.59328019334,-20247.630313947593
209835.71891404185,236214.4250981773,-26378.70618413546
220858.41146994685,233618.86536362523,-12760.45389367838
330125.0575269376,367117.33185248217,-36992.27432554454
169589.36496465528,161367.0011193744,8222.363845280866
43068.77292552664,55066.401682352065,-11997.628756825427
338280.4240997625,303290.0372355791,34990.38686418341
285800.6795735557,306085.3373843718,-20284.657810816076
262091.9994469184,261275.35589353365,816.6435533847543
325678.0832646373,319955.242219361,5722.841045276262
355297.02955098083,342249.0044330835,13048.025117897312
375992.22050538735,387795.0182464334,-11802.797741046059
387894.7898569238,400350.64736597304,-12455.857509049238
273248.59859815304,265974.0949792756,7274.503618877439
306099.69459681376,295412.09855936136,10687.5960374524
207257.83494903852,202967.29944483482,4290.535504203697
385622.9356793213,409599.64018635923,-23976.70450703794
315937.20880451414,343598.97176599794,-27661.762961483793
267844.1018302044,251262.51425499335,16581.587575211073
103085.10093780514,87273.34327754582,15811.757660259318
378083.9960379953,359837.9201327668,18246.0759052285
248057.74910620705,232912.3595064933,15145.389599713759
169624.72121943283,181583.6702535372,-11958.949034104357
208639.3718263437,209751.0938830754,-1111.722056731698
159779.7937453535,145719.9102325729,14059.883512780594
241236.4111598425,261621.65139606572,-20385.24023622321
390278.17370924726,380998.32118285354,9279.852526393719
220122.46464351696,227594.9190149138,-7472.4543713968305
387341.3774845744,396460.37503715657,-9118.99755258218
504573.9215832664,497748.6997292979,6825.221853968513
140162.40030667384,160156.11152429675,-19993.711217622913
295777.46074092924,302085.51770935225,-6308.056968423014
373311.2235998687,385909.39891781023,-12598.175317941525
85584.2596871536,124850.06590778712,-39265.80622063353
280679.32219287124,308647.8404610582,-27968.51826818695
341983.40024856664,356490.0090958686,-14506.608847301977
156732.5361051028,168621.64714652026,-11889.111041417462
343647.87933172006,336994.46248767595,6653.4168440441135
377065.2634477866,352548.53837281786,24516.725074968766
285324.7445462087,293813.5662908315,-8488.821744622779
383886.55397014855,382884.5517309746,1002.0022391739767
376813.7786254958,374891.77038306196,1922.0082424338325
217996.32909222663,216878.34720374696,1117.9818884796696
261282.67570517008,288536.84344234376,-27254.167737173673
208166.195335285,206078.36802718753,2087.827308097476
380446.6276233392,370872.5540068676,9574.073616471607
292176.1554715813,315742.5260800168,-23566.370608435478
321016.0328536332,304618.07519597583,16397.95765765739
259893.98827301263,289152.8076029855,-29258.819329972845
183931.90640981263,191759.5727912734,-7827.66638146076
172777.09669654825,189577.52720337547,-16800.430506827222
234294.12846259656,257783.67328641244,-23489.54482381587
242877.98961908388,237749.14847147945,5128.8411476044275
287855.2097950679,279398.2974483444,8456.91234672349
281431.951779949,274925.3600110064,6506.591768942599
229042.77928795893,242110.21166388819,-13067.43237592926
184135.81087359253,190777.60662159265,-6641.7957480001205
187984.55350209237,189825.43132748696,-1840.877825394593
274720.3459835208,285946.8325035123,-11226.486519991537
302058.6025481228,281887.9116760548,20170.690872067993
149393.27324027516,156198.3583727004,-6805.0851324252435
268447.80226898554,284339.6223052091,-15891.820036223566
239590.7183426814,219912.89024560584,19677.828097075544
264869.4919703204,270974.362826537,-6104.870856216585
229061.92988243172,261848.84892825858,-32786.91904582686
319529.09405601333,277537.9765565072,41991.11749950616
352356.3315147159,328169.00627574965,24187.325238966267
351944.78400483617,333992.8164641571,17951.967540679092
266671.2652459707,262023.23185866486,4648.033387305826
260494.47829629955,230927.73863158457,29566.739664714987
4072.6473101958313,2573.3660123152076,1499.2812978806237
218403.56154927303,213404.71267402027,4998.848875252763
235858.8313083,254982.03640980605,-19123.205101506057
267222.309515473,250561.27009778834,16661.03941768469
206552.65787957708,202531.55508763887,4021.102791938203
178210.11649320234,175180.04440973199,3030.0720834703534
279407.1855198544,282617.3590582362,-3210.1735383817577
401647.6882037106,400561.31487004354,1086.3733336670557
148426.4924897228,168672.4177537096,-20245.925263986806
359604.5432599433,384300.26449990884,-24695.721239965525
284218.5635890116,293649.53373049735,-9430.97014148574
337410.4038597065,307054.0196225374,30356.384237169055
186214.51624378128,190249.1108228814,-4034.594579100114
231392.19726564037,252790.69088949685,-21398.493623856484
188536.7246840296,188473.8907598469,62.833924182719784
237032.5045202417,224535.14046321902,12497.36405702267
428238.086169655,441321.6218281984,-13083.535658543347
442326.94525070017,444114.9613015638,-1788.0160508636036
185678.11440592213,167856.36459326115,17821.74981266097
295728.642815328,255574.4953309527,40154.14748437534
183585.29438180663,170499.45522010053,13085.839161706099
137364.54573410534,123696.14924653634,13668.396487569
281226.7350219127,277563.8256135822,3662.90940833051
161121.9804962126,174254.1602094408,-13132.179713228194
175560.35212043682,182619.37928564876,-7059.027165211941
191582.0811323385,224536.59696133633,-32954.51582899783
238536.57675784169,199176.50634006457,39360.07041777711
191169.4178334334,179942.20943585434,11227.20839757906
-18348.20749574236,16018.393271300243,-34366.600767042604
144165.86362217736,138520.06137709218,5645.802245085186
303830.83083543944,292660.6297791626,11170.201056276856
391132.7040891744,373809.89744843735,17322.80664073705
209060.7940177832,197891.32949519219,11169.464522591006
349859.2826012136,361951.6868039096,-12092.404202695994
183307.1556040457,218246.03141719697,-34938.87581315127
236441.4300665928,198009.3648710664,38432.065195526375
317895.7312896464,310422.0078023776,7473.723487268842
285947.89321938617,296620.9847188396,-10673.09149945341
272118.44903689955,263023.7313230735,9094.717713826045
212291.4221342875,217195.51079666946,-4904.088662381953
249373.3719923007,267565.423561956,-18192.051569655276
253508.0455759511,265961.5592734567,-12453.51369750558
237111.81821639143,250050.3090822497,-12938.490865858272
331766.4241236918,331613.1769910646,153.24713262717705
256987.0899172753,258335.1387102415,-1348.048792966205
363498.4513892095,349918.8753387174,13579.576050492062
285197.935065546,286378.0927020683,-1180.1576365222572
247824.7442510801,260633.26220333282,-12808.517952252732
182908.402066751,204662.65635867164,-21754.25429192063
118096.327582625,130448.16766422323,-12351.840081598231
436811.4119468497,426309.6911591529,10501.720787696831
293926.16042198124,297119.39501113025,-3193.2345891490113
319122.6887361036,339235.09449153836,-20112.405755434767
113550.52482521503,113445.25472667525,105.27009853978234
133640.28091225468,143087.77293262302,-9447.492020368343
274474.9974122381,298075.54161542945,-23600.544203191355
286601.0789032377,290973.9621347197,-4372.883231482003
164550.07208521973,190093.0719553774,-25542.999870157684
346409.23280652444,381575.0083241394,-35165.775517614966
190796.4453486979,208031.24208298104,-17234.796734283154
409281.5771293459,396710.5140905829,12571.063038763008
314638.01150731003,321603.2709617992,-6965.259454489162
328893.48068717995,335583.98556749005,-6690.504880310094
305053.130166528,304878.34096980863,174.78919671935728
315987.5667233429,300156.8774860515,15830.6892372914
162208.327140114,159186.9236501119,3021.4034900021215
227391.7999403795,243459.61107662442,-16067.811136244913
377732.4725155247,379705.2242166711,-1972.7517011463642
96198.04066242934,117215.36274584717,-21017.322083417836
136627.03109551626,136030.28692442254,596.7441710937128
298065.4494967009,296667.8651351398,1397.5843615611084
246937.53134244296,253771.70731959434,-6834.175977151375
219201.65379988743,233075.85220685837,-13874.198406970943
209023.50932111905,209362.2552981563,-338.745977037237
285156.31042717345,262778.7064513085,22377.603975864942
367053.3086389484,355116.7083343093,11936.600304639142
229753.08767619924,229208.01867234922,545.0690038500179
121555.2722980228,154484.92042571335,-32929.648127690554
50500.194996327504,54988.5884173653,-4488.393421037799
170075.47723223205,129535.10737388022,40540.36985835183
266260.53104627266,267496.75500472164,-1236.2239584489726
279828.8212928325,296344.4166719355,-16515.595379103033
495586.268230796,501556.00154989294,-5969.733319096966
410832.644132795,410942.4367333568,-109.79260056180647
256573.4216532784,264427.2697004742,-7853.848047195817
273165.9192666545,250722.7622700378,22443.156996616715
409574.7179120199,403540.09595559974,6034.621956420189
29605.901599246987,35218.24938300045,-5612.3477837534665
174147.03190754642,182771.11052020095,-8624.078612654528
253462.82536027743,259419.14270799074,-5956.31734771331
253295.56323796549,237646.38664359806,15649.176594367425
189591.52639572727,177997.27483228827,11594.251563439
158837.48865367126,173997.0424025097,-15159.553748838429
270211.6131260706,272751.05939683825,-2539.4462707676576
245532.5002208028,196493.79224915119,49038.7079716516
365411.7040175657,340817.3408189574,24594.363198608276
328943.95675807504,329745.2040420758,-801.2472840007395
436903.4441561527,430997.4947236825,5905.9494324701955
342002.15000556817,334083.19934699824,7918.950658569927
363360.52213320206,342086.76610846183,21273.75602474023
260474.73271108684,252261.92006141387,8212.812649672967
243690.99998286547,230169.75194541638,13521.248037449084
350655.4877077542,340780.19017163396,9875.297536120226
311963.96565557644,284981.451115346,26982.514540230448
50045.72791803056,76086.89477468136,-26041.1668566508
182858.16476773887,187199.96157342035,-4341.796805681486
311849.17462706374,295107.0616650044,16742.112962059327
184218.93928863088,179419.6481790865,4799.291109544371
289616.7087254008,298990.88644152274,-9374.17771612195
326710.3391996644,301314.8276511423,25395.511548522103
115523.68997565129,116138.90306135692,-615.2130857056327
201572.98318279145,169170.81407529383,32402.16910749761
316152.8303865313,294262.91687030223,21889.913516229077
305848.66272435297,329342.40411228396,-23493.74138793099
235835.82642001487,248846.95150802587,-13011.125088011002
225738.66835377068,245517.09932743802,-19778.43097366733
189215.7900325392,179475.59969817253,9740.190334366664
104156.86206613688,126025.87769685648,-21869.0156307196
441234.4790798229,463862.88010951015,-22628.40102968726
363487.9754225282,359537.20183471433,3950.773587813892
44223.67844884525,47686.56033427347,-3462.8818854282217
215923.6415947007,197316.26868178393,18607.372912916762
346575.1389854271,344737.77617083245,1837.3628145946423
322096.6909789228,339481.81903202814,-17385.12805310532
203612.76275756623,188636.7949330955,14975.967824470747
361773.0371558202,310686.1891287549,51086.84802706528
32315.56360412933,71326.97588252736,-39011.41227839803
223289.9346495969,255163.27731452562,-31873.34266492873
363685.2804929779,371575.26932415506,-7889.988831177179
303094.7946205448,270752.805092635,32341.989527909842
242674.58099542325,250371.87094169346,-7697.289946270204
310154.1483942236,335314.0503281927,-25159.901933969115
117424.55401175012,109763.53858740616,7661.015424343961
122658.00895498836,141951.54872024024,-19293.539765251888
257933.7476791278,278629.41803793184,-20695.670358804055
51352.78267245131,43946.99902002298,7405.783652428327
412467.4180586744,375994.75976582954,36472.65829284483
302382.9464618667,290129.614662268,12253.331799598702
404709.7920689993,424915.9501147836,-20206.15804578428
325910.4389724169,318051.5847518692,7858.854220547713
325542.94061466213,352854.26423094247,-27311.323616280337
345145.9236872786,351120.7882360804,-5974.864548801794
243327.52049255,216753.59927395533,26573.921218594653
282309.4696140717,309453.45271528675,-27143.98310121504
373663.65912458376,393482.48294320895,-19818.823818625184
312129.07837881346,314997.9034609762,-2868.8250821627444
374328.2843762261,407325.7647764542,-32997.480400228116
449961.7268177868,417620.722907115,32341.003910671803
270544.1012760763,259157.2546349773,11386.846641098993
167845.46732270587,197141.66194434778,-29296.194621641916
410364.5720545754,393677.34901460115,16687.223039974226
120490.58023555782,114092.11009734136,6398.470138216464
259607.9648648208,267145.0814696277,-7537.116604806884
202080.4802528646,192101.01559871036,9979.464654154232
85800.67914254041,92874.43296740987,-7073.753824869462
436230.66018061375,422804.3639301611,13426.296250452637
260019.93814560035,234841.36711359143,25178.571032008913
95291.4196227878,90144.80438017295,5146.615242614847
354840.83731537435,348540.99626160966,6299.841053764685
208432.76018084155,190914.37918612987,17518.380994711682
318719.9029221587,328480.6750634601,-9760.772141301364
225385.71532930213,183274.45668918197,42111.258640120155
312440.06820951623,322676.1147956213,-10236.046586105076
433224.2157823114,401153.3913284688,32070.824453842593
340147.3850331274,347694.02853774634,-7546.643504618958
198216.55933628263,204427.62889104296,-6211.0695547603245
184022.43546112743,174768.92548068363,9253.509980443807
275949.48360825493,270417.75224456744,5531.73136368749
295965.053641591,271545.8818925069,24419.171749084082
180787.1255158465,173757.8108421985,7029.314673648012
257952.49824731637,265430.89245873695,-7478.394211420586
216918.9166102792,206024.52639281377,10894.390217465436
286281.433014151,286200.9713988661,80.46161528490484
217223.28972435376,222305.86387145933,-5082.574147105566
67501.18971420766,73846.41124814606,-6345.221533938398
64228.6347167892,69851.26690311497,-5622.632186325769
-36691.55349003964,-45605.63519564475,8914.08170560511
209062.63927599168,203388.24315416135,5674.39612183033
347073.82549682976,300609.8840291557,46463.94146767404
107016.21356613368,78059.87112860696,28956.34243752672
298199.69339969405,300442.8923506829,-2243.1989509888226
388406.2199949489,370220.0824068,18186.13758814888
203244.25899447463,199316.43599710765,3927.8229973669804
460222.8209106056,461127.0884581092,-904.2675475035794
265843.189577299,278613.62356887304,-12770.433991574042
118934.73845675508,102669.19621838978,16265.542238365291
225180.00645459845,220683.74608132392,4496.260373274534
383154.32565412094,388205.8557192533,-5051.530065132363
234522.44402284108,224845.9314380784,9676.512584762677
288118.5311111029,294851.0175628451,-6732.486451742181
233451.0804681654,224322.20898513234,9128.871483033057
268809.2235933,250004.7635953428,18804.459997957165
238646.79707603843,217931.22231860802,20715.57475743041
335807.70046397205,337608.1183228077,-1800.417858835659
123008.07562567302,127641.7618616214,-4633.686235948378
345087.0468170837,303836.51684830844,41250.529968775285
165961.5497210893,165597.16727145953,364.3824496297748
293955.1053139752,312417.320117263,-18462.214803287818
313032.3776493466,275630.17972315697,37402.197926189634
193106.9651471733,227632.51346761396,-34525.54832044066
234673.8994329139,232450.24914283844,2223.6502900754567
242223.70076530665,273368.3379968279,-31144.63723152125
272220.98424737714,267384.7987775696,4836.185469807533
287078.6440712724,266463.11762281845,20615.52644845395
259880.77977656815,271799.79685489653,-11919.017078328383
131591.59084908277,159263.1258600813,-27671.535010998516
251403.8514256781,236163.6877862202,15240.163639457896
127124.04240272276,148959.1190066894,-21835.07660396665
521230.6810578788,526315.4880763202,-5084.807018441323
342591.12670551264,340777.2016282007,1813.9250773119275
249083.97079314257,259909.8443136635,-10825.873520520923
239344.252236183,238137.54737588592,1206.70486029709
275509.8951855788,256325.79226724023,19184.102918338554
271292.7022835668,284227.1832020485,-12934.480918481655
237507.109479007,234100.86194305794,3406.247535949049
292270.10713740654,300538.13911031454,-8268.031972908007
278579.55218754144,248098.39082519055,30481.16136235089
340709.3015696716,342142.94501756225,-1433.643447890645
330194.5223830095,327446.50170041726,2748.020682592236
308689.13718139165,302020.92540781404,6668.211773577612
148176.11374963453,158326.57061362895,-10150.45686399442
198196.77885140243,205259.0927225438,-7062.313871141378
406577.29713354295,408156.56377743284,-1579.2666438898887
363757.9472738503,348317.1502348019,15440.797039048397
356535.06157547364,386767.9283685315,-30232.86679305788
152031.68159219765,152707.5521335111,-675.8705413134594
277522.7288955323,264585.3440268799,12937.384868652443
181539.00930915703,190347.35173003998,-8808.342420882953
176598.7421868251,146912.9714148831,29685.770771942014
73867.97408214232,113210.23766660542,-39342.2635844631
121493.03723322044,132597.76379693858,-11104.72656371814
168311.33540095622,128980.80860496039,39330.52679599583
212465.84311619017,217887.13247395534,-5421.28935776517
473444.2891020044,458370.83134660695,15073.457755397423
384212.7352395536,386061.63624761935,-1848.9010080657317
170183.28972708387,180153.57263855345,-9970.282911469578
257493.5851579337,255013.09044252013,2480.4947154135734
106542.53469562602,128000.03880296019,-21457.50410733417
240667.25770642824,267824.00881901715,-27156.751112588914
254494.97029476883,235526.77581183836,18968.19448293047
268716.8176674465,254372.80616732495,14344.01150012156
384481.18757368834,395398.2558399372,-10917.068266248854
180334.2444955999,172643.33626646112,7690.9082291387895
270521.86081877,217684.5305950374,52837.33022373263
425409.557363635,445847.9522826355,-20438.394919000508
313418.1464183337,289832.91150743514,23585.23491089855
84634.95465723984,70689.53817953385,13945.416477705992
162643.3429344396,188436.40211696626,-25793.05918252666
263966.73608704994,265670.42408173275,-1703.6879946828121
228294.5592239082,223652.16241870503,4642.3968052031705
212586.64144843604,235447.71957338252,-22861.078124946478
152981.59952925227,164176.53332696273,-11194.933797710459
285960.67593848146,295144.032977751,-9183.357039269526
330752.7108708124,318016.9667971257,12735.744073686714
164496.33886066213,149058.9236361904,15437.41522447174
174047.96866037443,183276.04373433118,-9228.075073956745
379825.1896565441,377408.149605723,2417.040050821146
337061.9488174027,322129.45987598505,14932.488941417658
389348.8047676812,363729.7162762999,25619.08849138132
295066.9382946327,329473.69958399475,-34406.76128936204
225267.13960087372,252630.9636274448,-27363.824026571092
335438.8367840118,359548.6401012336,-24109.803317221813
461347.3328401948,432995.64884460345,28351.68399559136
364970.4208628956,372056.62472074194,-7086.203857846325
216667.04817165775,182818.2113537879,33848.83681786986
306353.53691313777,287740.69740662,18612.839506517746
262069.23597249325,265837.7032417847,-3768.467269291461
91253.81378923693,100362.44221085878,-9108.628421621848
326197.8598080109,334943.583884976,-8745.724076965067
221338.71366700387,232044.7912722783,-10706.077605274419
556014.4765552611,571576.0078763069,-15561.531321045826
363857.6367732724,339958.7474551154,23898.889318157046
34772.770224192005,26124.958439692506,8647.8117844995
411307.68512048153,376562.3437394868,34745.34138099471
197822.64350000417,197331.86624295477,490.77725704939803
392204.8677848555,384171.0270537841,8033.8407310713665
522490.9153592365,523276.9144563596,-785.9990971231018
140728.93279989407,156197.05871213923,-15468.12591224516
310904.3852126906,346822.06982231734,-35917.68460962671
265817.01913612895,262387.1729762565,3429.8461598724243
414137.7861934191,435945.7130334471,-21807.926840028027
336805.7533035459,357990.8173740154,-21185.064070469525
183080.36893298148,147245.33805506336,35835.03087791812
373562.294449981,358227.9955499008,15334.298900080204
213850.1817003785,222355.39027867408,-8505.20857829557
382484.566912082,388789.77686982456,-6305.20995774254
125858.47821477387,129151.60831162689,-3293.130096853012
305185.72889920353,308550.7728681287,-3365.0439689251943
329449.3837742167,316296.00248948263,13153.38128473406
312679.49536039075,272550.5589142452,40128.936446145526
282752.5196437488,286637.19446032884,-3884.6748165800236
217797.83647612887,234545.99507770856,-16748.158601579693
272208.12665178627,246536.80896315424,25671.31768863203
413541.2636597012,438988.80013793055,-25447.536478229333
284492.1528217467,261563.7689207115,22928.38390103521
314895.56260798546,341735.8279047023,-26840.265296716825
193504.7043302513,187164.69689557215,6340.007434679137
275788.5308630619,251432.38041817574,24356.150444886152
400497.2700592458,375097.767408355,25399.50265089079
272919.3524314716,265577.805523308,7341.546908163582
203400.06302037503,211894.2830546927,-8494.220034317666
226349.74254086535,226909.47961604534,-559.7370751799899
226148.74634100235,239344.78024320694,-13196.033902204596
172195.18101382893,168865.4692503417,3329.7117634872266
209489.61614618872,199082.46442772663,10407.15171846209
300933.2885796701,309937.1684014379,-9003.879821767856
290357.0688177735,298287.3055999727,-7930.2367821992375
221300.7910652844,228648.0233908079,-7347.23232552351
135529.34271082832,111431.41002528259,24097.932685545733
134152.01720673373,159229.24086689332,-25077.223660159594
171103.76288974925,166323.3947103362,4780.368179413053
224631.42619521223,235015.1436737555,-10383.717478543258
188521.79731967163,208340.8197575587,-19819.022437887063
284301.5874526317,265496.1931834357,18805.394269195967
362276.43670828285,364122.23762889934,-1845.800920616486
235693.62570667025,242922.61582617857,-7228.990119508322
313091.0970263869,334751.69313345104,-21660.596107064164
144945.4921033775,145135.72097101685,-190.22886763935094
155852.12892291092,153125.22543796437,2726.9034849465534
244226.38488967204,249968.56129183865,-5742.176402166602
58964.83772619673,44086.36910187022,14878.46862432651
237090.94388901797,241706.7573684251,-4615.8134794071375
241316.97764280727,221752.9423910495,19564.03525175777
200942.54813913003,212685.43055102334,-11742.882411893312
375162.10844832135,356191.9716362724,18970.136812048964
335684.8633237199,342823.16267034446,-7138.2993466245825
185103.317395477,218450.63762319594,-33347.32022771894
360453.7448767747,354865.6120104629,5588.132866311818
516948.0162509117,529880.8324340114,-12932.816183099698
493611.2210510992,501418.69982072536,-7807.478769626177
204316.15209326692,210334.30090739304,-6018.148814126122
338560.9533540182,355481.28248779516,-16920.329133776948
290294.1473548388,306954.1891595787,-16660.041804739914
276581.25022617506,274666.1872136475,1915.0630125275347
322275.7581392458,324848.4987848686,-2572.7406456228346
186814.8454611572,196480.95703082508,-9666.111569667875
186514.45252237847,198439.3446559433,-11924.892133564834
283404.1366736344,286191.23063784116,-2787.0939642067533
233178.4782400439,223439.90292335284,9738.575316691073
32678.35253521388,76304.53510870511,-43626.18257349123
381951.9326591381,360493.94538411347,21457.987275024643
222670.05933439932,214386.35924908007,8283.700085319259
349205.7648207879,352947.4093057917,-3741.644485003839
418182.8688468343,422000.82569046,-3817.956843625696
227483.516656594,203441.97336784564,24041.543288748362
193535.78335412976,190061.6985402623,3474.084813867463
293898.7974928046,303149.4664524752,-9250.668959670584
221961.5159379716,220900.35632204596,1061.1596159256296
350289.3401721865,364932.0426671851,-14642.702494998579
455871.0382864373,437875.6652644559,17995.373021981388
224973.86700329444,249042.83639973425,-24068.969396439818
260303.8794568999,274352.65891583916,-14048.779458939272
214700.65229485,187288.77709691212,27411.875197937887
188330.85736788347,192904.61975313447,-4573.7623852510005
208425.4442045215,181957.89383697612,26467.550367545395
129875.74974941852,116696.01565765185,13179.734091766673
333960.3710011082,346464.6323726051,-12504.26137149689
186958.1618711197,178919.23724598947,8038.924625130225
143500.4194550143,153563.2343786788,-10062.814923664526
379072.6170172702,378434.6780328887,637.9389843815006
-174.81593399882695,20384.028719751514,-20558.84465375034
305278.40803791344,303909.90325885714,1368.5047790562967
262478.1065548455,248958.44578183957,13519.660773005948
401754.80627787375,397276.553478247,4478.252799626731
359192.3207834724,331370.38967674266,27821.931106729724
163850.68229271096,180690.80814688545,-16840.12585417449
152959.5817005715,147705.6266343948,5253.955066176684
316671.0748875283,288006.3553240028,28664.71956352552
469257.4846098072,449412.70351761626,19844.78109219094
264301.6470817431,288454.5165749355,-24152.86949319241
99299.71519489844,152213.37349807762,-52913.65830317918
156110.29836403287,173401.3048003835,-17291.00643635064
176854.5694380734,158360.71015484724,18493.859283226164
259158.58770559332,276656.92264411866,-17498.33493852534
162502.94652318442,185345.09756469444,-22842.15104151002
138575.42430064612,163006.52422743832,-24431.0999267922
164154.544355475,179060.55310614483,-14906.008750669833
100957.08710544984,111004.6716810847,-10047.584575634857
139617.6409914879,197506.1895838099,-57888.54859232201
111322.08825375188,131622.55575063013,-20300.46749687825
298688.7369171131,290257.0456913971,8431.69122571603
146058.56313923624,167850.00174332483,-21791.438604088587
241358.07589469032,261961.08639014582,-20603.0104954555
287600.2806876518,263755.29718173604,23844.983505915734
226831.05644267309,231160.15888694156,-4329.102444268472
384605.52058483416,385343.5419523966,-738.0213675624691
319164.0239845023,291440.61559256876,27723.40839193354
284004.6232870349,275252.0050113194,8752.618275715504
274061.38932444353,249839.81449879313,24221.5748256504
358081.9718938145,300370.39041565557,57711.58147815894
364263.8275795546,339145.0882527876,25118.739326766983
355111.4684588738,358641.5383900984,-3530.0699312245706
302310.0454008471,271201.8199787406,31108.22542210651
215487.0335608731,233107.90407939604,-17620.87051852295
207437.7749252878,167821.59086917492,39616.18405611289
334076.94676905725,313092.597176629,20984.349592428247
359648.2473259382,346368.07655187126,13280.170774066937
429936.8066781833,430818.1959856255,-881.3893074421794
309831.8315759955,295844.64721372153,13987.184362273954
238335.89105171047,273954.5354133643,-35618.64436165383
59497.41493642518,78775.78070795344,-19278.36577152826
245617.2835689172,239973.50987453863,5643.773694378557
33483.73854352476,34746.24291152324,-1262.5043679984738
226902.0043817185,235770.4153901489,-8868.411008430412
129708.45254080908,164158.33541698434,-34449.88287617525
217137.05614371935,218252.28208298853,-1115.2259392691776
368983.2237110757,342808.9264528209,26174.29725825484
336106.78881384025,323030.6206841934,13076.16812964686
270024.1292728074,271367.19714456424,-1343.0678717568517
291932.22217360314,291819.03412154753,113.18805205560056
385572.2454174621,397302.14780458994,-11729.902387127862
95999.62610302764,86293.68931916507,9705.936783862562
401503.75341880135,433866.02553938935,-32362.272120587993
223723.15511154092,210142.57692781946,13580.57818372146
126350.05935272084,119618.73394839591,6731.325404324933
254161.8083019408,233400.96807138997,20760.84023055082
204188.6497743973,198845.30049424595,5343.349280151335
277833.8816723951,284279.2655844803,-6445.383912085206
276465.1080370123,296822.304087157,-20357.196050144732
129107.31039106096,118302.52596509925,10804.784425961712
284690.7893390343,292355.649900574,-7664.86056153971
313233.98489809985,276502.6491050245,36731.33579307533
272397.103561709,282250.31153196463,-9853.207970255637
252929.57670306225,232701.4809805624,20228.095722499856
88221.71649266014,94222.30313306022,-6000.586640400084
305680.7307052666,290635.6812189441,15045.049486322503
374542.18531023216,346527.635638725,28014.54967150715
334940.5945671717,329812.997393364,5127.597173807677
305917.0486725113,331472.9338921546,-25555.8852196433
268892.87241635105,280103.3089014975,-11210.436485146463
85111.03443681105,140453.59285371657,-55342.55841690552
292443.6516734842,281631.20709234837,10812.444581135816
296999.7207323759,300008.2022871683,-3008.481554792379
429992.18828122696,445742.22123755305,-15750.03295632609
277475.4938184718,290504.47480252146,-13028.980984049675
313941.82394621306,310955.9729512468,2985.850994966284
147795.63746718958,156000.71507883695,-8205.077611647372
169499.39147725064,153298.03880705012,16201.352670200518
134118.21478958803,130814.06924397583,3304.1455456122058
437715.1712460808,432714.75224214036,5000.41900394042
40500.616695856734,64705.71218034276,-24205.095484486024
355339.2676391782,346715.29694999795,8623.970689180249
433170.7593227837,387195.7117325644,45975.0475902193
335331.2965374004,327504.9902398747,7826.306297525705
250618.79235145205,238043.66876073068,12575.12359072137
232804.88344325245,247095.66752147448,-14290.78407822203
196813.7983641692,219815.37941491453,-23001.581050745328
345489.4926332626,331124.227724156,14365.264909106598
362000.2763569131,350259.575395031,11740.700961882074
336897.51783036086,326349.9284512677,10547.589379093144
318244.3760393287,329350.14050146734,-11105.764462138643
153121.4629979603,161157.49069430635,-8036.027696346049
236979.9443123285,251151.72234948428,-14171.778037155775
266737.42456207826,278404.2557529071,-11666.831190828816
424498.1243157749,441424.09976657457,-16925.975450799684
189427.96850549176,172868.18839889643,16559.78010659534
305063.31168839545,301768.73907595285,3294.5726124426
394505.9667000681,393602.23050026456,903.736199803534
175961.4055306756,180459.49998074374,-4498.094450068136
295331.6199111166,289828.83696406515,5502.782947051455
217506.95275907923,217466.1404392882,40.81231979103177
188237.44916509703,179958.18205597386,8279.267109123175
403365.8377764531,401399.3396949052,1966.4980815479066
321164.53854954155,340371.12994710385,-19206.591397562297
276584.73393903667,309514.10984957876,-32929.37591054209
103438.11989677812,95941.46577575614,7496.6541210219875
309161.37351505243,306147.6582721097,3013.715242942737
325461.42724796536,332253.45436767826,-6792.027119712904
343843.13322148257,344268.8202879251,-425.6870664425078
466201.4542154106,434387.7572997677,31813.696915642882
365872.7810187019,342058.31274598034,23814.46827272157
244596.0087940544,280334.23764745065,-35738.22885339626
264984.16626809706,276920.354357064,-11936.188088966941
169836.52569634985,169223.80845079897,612.7172455508844
170666.859291254,161111.60323992991,9555.256051324075
276472.73599159444,271771.5010242898,4701.2349673046265
66978.99803415411,82184.01791137308,-15205.019877218976
172792.7224080074,174518.6837146263,-1725.961306618905
78099.92204527123,80238.73222341499,-2138.810178143758
367857.7400372376,366038.9023702075,1818.8376670301077
247399.6942785536,225089.55573087628,22310.138547677314
169592.55710519958,158647.33842962811,10945.218675571465
224582.9943890125,235377.80452619083,-10794.810137178312
283866.2766377994,274789.5420371065,9076.734600692871
226353.4212901339,254143.57582504806,-27790.154534914152
303141.4030808156,317009.645369098,-13868.242288282374
399965.9775520728,395488.82326994586,4477.154282126925
116882.8864599542,137168.5361291555,-20285.649669201288
217156.56161324863,211431.23343717412,5725.328176074516
359618.2854277401,362630.98459122254,-3012.6991634824662
311142.5729367697,286281.381242768,24861.191694001667
259583.79615763688,281865.29617958947,-22281.500021952583
412521.1566376996,403143.53735519305,9377.619282506523
173925.86572666923,175540.55185227504,-1614.6861256058037
137461.57080955547,122407.50611772883,15054.064691826643
288629.07192547154,276643.612093781,11985.459831690532
302573.32378890703,327585.50113001117,-25012.177341104136
153391.12395058453,157898.16126001626,-4507.037309431733
370921.9823882667,373094.9905002456,-2173.008111978881
207375.84810386508,237488.96585532805,-30113.117751462967
290437.28767888946,316692.60815668385,-26255.32047779439
226133.9620442124,236011.9433953736,-9877.981351161172
442237.6545300679,435783.2861577366,6454.368372331315
319065.56190917094,313763.24422699434,5302.317682176596
256753.6554450084,218446.7181159132,38306.937329095206
207434.8361975287,214122.56804797484,-6687.731850446144
83692.91739015926,126482.65791366232,-42789.74052350306
200374.0904104343,189252.66438645546,11121.426023978827
406303.75877551,389366.71121409524,16937.047561414773
414349.7006178804,401706.65272297757,12643.047894902818
315329.9725344978,316149.3729823596,-819.4004478618153
23011.47772804495,52330.751954493084,-29319.274226448135
217321.59981443477,186908.49805475972,30413.101759675046
189214.40412320115,184637.11923465034,4577.284888550814
320500.59606883826,331831.5462551669,-11330.950186328613
134171.46079482383,139610.58197538368,-5439.121180559858
345249.062773136,358836.3162870555,-13587.25351391948
282228.77492200333,278313.52336604346,3915.2515559598687
202096.01997022668,183400.59673555687,18695.42323466981
497813.1017350192,466428.96366972115,31384.13806529803
184880.4575372612,186527.20269844373,-1646.7451611825381
360535.22065638704,330909.999171386,29625.221485001035
113368.88831115833,134586.51144618052,-21217.623135022193
223383.334830338,233944.65496938294,-10561.320139044954
174122.60673422087,130985.97432922412,43136.63240499675
291942.1035565026,312841.86313151295,-20899.759575010336
386408.0430947066,368664.3512467443,17743.691847962327
352924.08178236434,335770.6911965407,17153.390585823625
180350.9543349908,180223.80657444487,127.14776054592221
337640.25198727736,347099.07890137506,-9458.826914097706
125097.1378490306,126732.35739583327,-1635.2195468026766
355745.3908941297,362845.2065563704,-7099.815662240726
365213.3185634368,355970.48522264144,9242.833340795361
264338.9089172366,303253.147419386,-38914.23850214941
387512.28061958624,406769.1647628568,-19256.884143270552
433095.2792919254,428916.6818168493,4178.5974750761525
334409.2334082544,323214.03313299775,11195.200275256648
164719.7644458761,147014.11547253368,17705.64897334241
395615.1461794984,370573.52352409175,25041.622655406652
233478.14081991365,224938.65394863472,8539.486871278932
143811.24193064013,139500.24980008142,4310.992130558705
443356.27902576834,426058.9968210173,17297.28220475104
310969.54432464216,319773.58047955873,-8804.036154916568
344198.7052135662,339678.399976883,4520.305236683169
276761.7860794185,263832.49618733075,12929.289892087749
195479.4708867132,190023.9924699113,5455.478416801925
171656.3277666,201210.95977451676,-29554.63200791675
166425.48792981092,197641.3962452102,-31215.908315399283
249969.6149529056,241340.18281997973,8629.432132925867
269272.5976697087,284165.17066328495,-14892.572993576236
197411.2039239084,149391.30676266595,48019.897161242465
233299.8096998288,250296.98137680657,-16997.17167697777
172703.6169500164,200543.53202816914,-27839.915078152728
156361.14780690704,165356.031657504,-8994.883850596962
375088.9034092616,366100.0707422836,8988.832666978007
303537.22433421254,337643.2749803738,-34106.05064616125
415633.1695249751,420599.93468206155,-4966.7651570864255
158216.87278431634,121758.54587004858,36458.32691426776
131755.52231064663,118842.61102493401,12912.911285712617
210300.08423399,215925.1681378078,-5625.083903817809
399026.6462740715,380824.91714676016,18201.729127311322
262007.1391163132,250443.88625853552,11563.252857777668
461933.96097486565,454345.61796913773,7588.343005727918
185988.74215281548,173191.85124182666,12796.890910988819
403282.7770865206,407113.86953883956,-3831.0924523189315
345980.2418101749,378930.61342537426,-32950.37161519937
384477.7014201558,381153.80318858894,3323.8982315668836
380422.1636518705,369581.93117873254,10840.232473137963
383081.4889367296,356409.1974073624,26672.291529367212
275488.0653789339,239914.48152454305,35573.58385439086
216980.5999689191,212499.2703184681,4481.329650450993
212436.6219298664,205465.7829000387,6970.839029827708
440691.6710713848,415724.5328921635,24967.138179221307
289313.84286935505,254656.61514282436,34657.22772653069
390099.59650073736,338516.8060402367,51582.79046050063
127841.82392428156,109015.42655621428,18826.39736806728
342202.34325810586,292031.4182439922,50170.92501411366
132211.35456132924,134961.68315182393,-2750.328590494697
254591.4616581188,269264.89701348124,-14673.435355362453
241886.89877856532,229238.0885711648,12648.81020740053
225598.82643166676,230454.44505671857,-4855.618625051808
331985.2720879952,339356.4683796455,-7371.196291650296
210018.7371669537,202258.97748180904,7759.759685144672
269042.4870785904,253242.0182522975,15800.468826292868
321578.5728402276,336838.9411626588,-15260.368322431168
303613.44473467674,313787.12453579454,-10173.679801117803
318064.2495511589,322801.0977774394,-4736.8482262804755
349052.3508654369,342255.9495290561,6796.401336380804
372154.1351747703,369417.78936061356,2736.3458141567535
309902.5133152208,290452.4618686503,19450.05144657055
241568.03202172325,261914.07729334332,-20346.045271620067
243125.06844413665,259939.00885857237,-16813.940414435725
285580.1724449342,294890.0089268403,-9309.836481906124
366898.0453632872,367350.7151196087,-452.6697563214693
230386.74314612627,241607.36849210435,-11220.625345978071
201380.4656509921,234242.37350096996,-32861.90784997787
233111.8453429305,205951.56870883913,27160.276634091366
198994.80590724872,223097.82485163794,-24103.018944389216
280578.6026822013,264974.3338680338,15604.268814167532
140024.02150203165,146195.87796345568,-6171.856461424031
214668.5666072659,202059.85827574134,12608.708331524569
281295.2864183544,268494.71294768556,12800.573470668809
320550.56530826323,305776.16734936927,14774.39795889397
350008.6619407119,366658.19656092057,-16649.534620208666
328603.34243834927,324506.8159134257,4096.526524923567
79019.81414346656,87651.60550701682,-8631.791363550263
302177.1850561629,277783.41571676085,24393.76933940203
209480.22436159477,214837.37113392178,-5357.146772327018
311032.14292066195,301920.60782845464,9111.535092207312
422467.07639065664,399859.3516379498,22607.724752706825
141146.19987110535,156672.07964530936,-15525.879774204019
222293.0146506928,245100.52452772422,-22807.509877031407
293825.49323853984,294669.68023717054,-844.1869986306992
533179.9752827905,512536.343417285,20643.63186550548
203591.11343933,213523.33973450848,-9932.226295178494
88768.61326798821,83314.79942840166,5453.8138395865535
128833.68948413628,127944.0936058826,889.5958782536763
369427.2509201281,378865.2081317217,-9437.957211593632
232878.3505215976,218142.21773501032,14736.132786587288
146341.44651383988,144678.20024143206,1663.2462724078214
208692.99120718957,213757.20475960057,-5064.213552411005
288196.5698562046,284926.56513275683,3270.0047234477825
66409.22729484375,54122.78468320315,12286.442611640596
209266.15107439077,227281.0613039551,-18014.910229564324
359365.8309386316,380200.42511146714,-20834.594172835525
346968.88521806104,321765.93602200435,25202.949196056696
209026.71634502013,213540.84738817113,-4514.131043150992
371383.2054301343,362366.1776559942,9017.027774140122
336445.50041319337,357439.6986697834,-20994.198256590054
292453.6578122545,318807.4837658894,-26353.82595363492
239057.38509352383,241003.40721831887,-1946.0221247950394
294916.6321531359,294847.42523497506,69.20691816083854
284257.4999627426,316219.23478014127,-31961.734817398654
343233.4245357531,353328.23245827924,-10094.807922526146
231553.33092194112,209779.28004375656,21774.050878184556
364675.5710806678,349347.30866591865,15328.26241474913
270775.9369513921,280596.023353193,-9820.086401800916
397055.8719714717,418986.3310350466,-21930.459063574905
240002.5778091039,228883.78933906805,11118.788470035855
181711.39194570587,175837.28101011732,5874.110935588542
294726.44923929794,288260.6600861094,6465.789153188525
288610.40812309383,239191.75058855166,49418.65753454217
308166.7854395765,301688.26944132487,6478.51599825162
203782.35840672892,180702.19670574187,23080.161700987053
216171.6487564767,245565.68722932736,-29394.03847285066
272177.81518141046,242486.02411083708,29691.79107057338
309737.29334530217,287514.03964405216,22223.25370125001
132305.65794645716,113726.16732531093,18579.490621146222
458054.8059226857,453638.25094731123,4416.554975374485
1876.3214905260047,-7194.320648124209,9070.642138650213
397202.5068794393,390272.7438997071,6929.762979732186
235707.96316422132,216585.2980145628,19122.66514965851
425868.1371089624,437946.69306154083,-12078.555952578434
200558.04860558728,191980.33666002483,8577.711945562449
246122.32764017416,234556.2661168457,11566.061523328448
193114.21054365308,175504.4420636681,17609.76847998498
191328.14552868943,154193.87340553422,37134.27212315521
391963.30574710894,392550.9775256993,-587.6717785903602
347541.2738324672,342057.0373215962,5484.236510871036
254366.8814608756,218803.0924078629,35563.789053012704
265033.4892422968,271970.16829079436,-6936.679048497579
223143.98160542853,254036.9431626297,-30892.961557201168
201207.79021437443,255919.9810179856,-54712.190803611185
257789.63016249472,237169.47264326247,20620.15751923225
343667.7927222204,320804.2950025573,22863.497719663137
238673.85482457557,230486.49856849195,8187.356256083614
462503.95546624,395019.4005296348,67484.55493660521
83077.0555095525,100042.03714621556,-16964.981636663055
302920.97059000586,337089.1076319937,-34168.13704198785
372133.7529604472,375578.2226381041,-3444.469677656889
343514.80726665416,320159.1760980562,23355.63116859796
330900.39105512545,320520.19585368776,10380.195201437688
305342.18432753056,301127.2483168885,4214.936010642035
89043.45678527845,113396.77536438353,-24353.31857910508
374990.56692988286,354038.65164342074,20951.915286462114
213486.72673908056,191440.945134811,22045.781604269578
150544.8513159666,169898.1000362466,-19353.248720279982
221185.6243412601,212628.03818042844,8557.586160831648
87181.25595880486,102618.8988628868,-15437.642904081935
374020.152738469,342491.06201443315,31529.090724035865
111180.50381808927,132954.9856097942,-21774.481791704937
376398.19598962495,358242.58787597995,18155.608113644994
368402.23872227926,363516.13828608615,4886.100436193112
308219.3023477709,312637.49413200625,-4418.191784235358
244834.3003573469,228891.82916275418,15942.471194592712
439331.5501978488,430929.5759655629,8401.974232285924
283041.31166628713,323593.99087213073,-40552.6792058436
345721.6597315494,369884.8457642651,-24163.18603271572
390509.5236602279,412400.5166809714,-21890.99302074354
527560.7097898062,542279.0742870567,-14718.364497250528
301090.9845693252,271319.21133517555,29771.773234149674
205449.65474402255,189923.41914527147,15526.235598751082
260651.4652768606,243730.81862369948,16920.646653161122
252325.68324532275,267955.2399870767,-15629.556741753971
371424.16335496696,376653.3781282656,-5229.214773298649
324027.9397131817,343506.75565307913,-19478.81593989744
221441.34217735624,216947.36733730687,4493.97484004937
243009.1196698449,252010.93274091804,-9001.81307107315
361103.91290160513,334990.9310796567,26112.98182194843
205379.08798560535,169133.01963543784,36246.06835016751
121920.2091663377,119801.21823585156,2118.9909304861503
265848.5385025094,281810.4322285837,-15961.893726074311
159717.5368722422,163770.12289988008,-4052.5860276378808
182737.5190772504,153214.57258523774,29522.946492012677
207965.23253841512,218520.80967089446,-10555.577132479346
10800.86527463669,23377.407564941794,-12576.542290305104
293409.92876937013,300719.2454549302,-7309.316685560043
252719.338235374,251026.55523366484,1692.7830017091474
134276.60736009624,131630.64037759538,2645.9669825008605
226064.75058491103,247297.4187723355,-21232.668187424482
300181.85234411363,283842.73201803776,16339.120326075878
139697.12689325528,136683.91078974027,3013.2161035150057
269519.27180323657,287551.7509396379,-18032.47913640132
353715.6550288054,357806.6662594505,-4091.011230645061
100859.83231848068,135600.1256464203,-34740.29332793961
309279.7002184097,280159.107501992,29120.592716417683
303375.81047465885,283238.92887394456,20136.88160071429
402953.1641964685,365571.6319513762,37381.53224509227
247343.25110861185,216552.3165656001,30790.93454301174
66630.54585074153,115241.81169839282,-48611.26584765129
569766.8748758186,552017.1144681441,17749.760407674476
218843.1054926557,230350.6745500895,-11507.569057433779
199017.7994936387,181643.21500588144,17374.584487757267
137020.7833313726,168690.3692384402,-31669.58590706761
176229.2409189419,188976.00591897755,-12746.765000035637
243965.2251526529,250898.35896144158,-6933.133808788669
-23003.896006185307,34460.17125298988,-57464.067259175186
45382.77880446351,77824.40040262026,-32441.62159815675
338193.7913954031,362623.6942261106,-24429.90283070749
330183.43598454,323299.19071933103,6884.245265208941
200441.7854665705,200309.89114486182,131.89432170867804
394095.74580447655,385996.435254387,8099.310550089576
164555.6431906388,186900.17158756035,-22344.528396921552
282546.5873025333,319849.8644802484,-37303.27717771509
178899.76490478587,137163.26531415092,41736.49959063495
345396.4332687893,373841.38666365,-28444.95339486067
306432.82712647045,283664.70254770457,22768.124578765885
242433.38760758872,209287.14036738157,33146.24724020716
296636.59461401525,296560.8363616519,75.75825236336095
196267.06437072015,225882.8539174911,-29615.789546770946
286201.4034505627,303292.9072887524,-17091.503838189703
85119.27922748908,86605.73257267661,-1486.4533451875322
141013.17396342213,137212.83079376633,3800.3431696557964
4627.686345701295,-10052.667549777078,14680.353895478373
277305.50319800805,286812.58065200766,-9507.077453999605
409760.05845782056,409114.4177722455,645.6406855750829
234580.13000294392,215295.7220871317,19284.40791581222
336433.15035485954,346909.77627383295,-10476.625918973412
331721.92654952104,319651.64726258145,12070.279286939593
219824.91697759624,245175.16629882544,-25350.249321229203
365641.38036129193,334055.2092268417,31586.17113445024
161271.89004935118,147518.35318615436,13753.536863196816
287111.26972181234,317704.3560287146,-30593.08630690229
323726.23526623903,301156.10931957705,22570.12594666198
197766.535919463,170075.91300895764,27690.622910505364
256950.9331615093,236652.63561826645,20298.297543242865
355836.7678504422,330116.8491259089,25719.918724533287
279885.1584476169,296004.26748348173,-16119.109035864822
265359.82388244884,269461.48206930544,-4101.658186856599
207944.38668974277,179752.76727406605,28191.619415676716
326955.78322938393,359135.8692474638,-32180.08601807989
168604.9378081089,135203.85701001735,33401.08079809154
317318.9501539757,308479.46500469313,8839.485149282555
350435.2083189859,342914.7719189493,7520.43640003656
129395.27072545068,154511.94688489172,-25116.676159441035
158905.0705554749,172203.82167675608,-13298.75112128118
163610.87534646364,156126.68845724082,7484.186889222823
488610.3398024181,502810.05117818655,-14199.711375768471
264437.1776972593,245064.84829081898,19372.329406440316
191449.60282416723,197267.08601848257,-5817.48319431534
297833.2550408057,288771.7657454577,9061.489295348001
244189.61870712816,249804.16637879284,-5614.547671664681
390299.47861613566,386784.85034596425,3514.628270171408
286102.25870188704,315830.5773878506,-29728.318685963575
338677.5940571733,329870.1788317496,8807.415225423698
279962.20704466366,262507.8679083182,17454.339136345487
211603.6310017023,235415.4490621366,-23811.818060434307
353554.6309751284,333096.80455946847,20457.826415659918
144781.8007477695,185645.62372562636,-40863.82297785685
180708.8276023524,165169.35630711447,15539.47129523792
381599.8408715804,399305.12544986745,-17705.284578287043
273215.64901347255,280342.9916310922,-7127.342617619666
292278.2116773713,281373.22090477764,10904.99077259365
346546.1586954658,315356.6209571179,31189.53773834795
165681.04341248132,204757.34457797869,-39076.30116549737
449598.6379405576,409615.17252595036,39983.46541460726
106848.85814763908,110868.45108530301,-4019.592937663925
134039.7135941828,133066.4879604333,973.2256337495055
353725.5968162125,354497.8589229345,-772.262106721988
371736.8301738584,380699.50737600756,-8962.677202149178
250907.33510093205,253279.07166884688,-2371.736567914835
220186.3497190579,223092.69938087632,-2906.3496618184145
204291.1342506892,208235.17514582616,-3944.0408951369463
315579.28111243044,307344.7736189158,8234.507493514626
462524.116354427,442024.1013398239,20500.015014603094
195157.33341414464,179911.7539192665,15245.579494878126
205324.97296257544,208634.59320750015,-3309.6202449247066
186018.40383294583,175734.810679047,10283.593153898837
245459.14301730125,250380.43246101803,-4921.289443716785
85348.60808775453,57436.56286398234,27912.04522377219
476794.2068346768,437918.0517970387,38876.15503763809
229397.22141859037,247243.0426791028,-17845.821260512428
365641.6471927101,367440.04900209495,-1798.4018093848717
304433.2799183309,290206.1784085297,14227.10150980117
3822.440987105947,40900.250734620204,-37077.80974751426
191209.35904835592,202317.07691809413,-11107.717869738204
294870.7125892929,300099.81037897983,-5229.09778968693
389819.48382496,391870.77318474895,-2051.2893597889342
399413.6967308371,395983.7409828318,3429.9557480053045
346249.5503967535,322526.6000304768,23722.950366276666
264475.031427072,241081.118062151,23393.913364920998
317897.5592826577,302953.66164970916,14943.89763294853
257252.39375903324,275708.9358907155,-18456.542131682276
230785.82646437205,203464.66274849162,27321.163715880422
277241.4181920733,290426.18153092667,-13184.763338853372
363362.0239273622,361936.42212285404,1425.6018045081873
264963.53255416645,246864.93039634393,18098.60215782252
256941.7973037604,257143.69729689287,-201.89999313247972
153691.56424967473,140390.29198004125,13301.272269633482
312076.95601694245,311768.55119773286,308.4048192095943
160954.76203436384,172849.02697410507,-11894.264939741232
206254.68999850508,229247.23930724864,-22992.54930874356
318645.9325766312,315294.1954091198,3351.737167511368
86720.13300580968,101118.95641230594,-14398.82340649626
140659.6452994022,151866.45556896817,-11206.810269565962
398390.5438160044,380103.259633091,18287.284182913427
427205.3969742369,410104.0581969458,17101.338777291065
427938.8036591636,388156.472262483,39782.331396680616
274547.7776575222,258504.50834598485,16043.269311537326
83143.32734547794,88309.78402999652,-5166.456684518576
221827.83921172112,226808.29937871592,-4980.460166994802
191855.1254647829,182582.69889478205,9272.426570000855
176295.29376836878,192768.48963157693,-16473.19586320815
144400.89273009155,157379.1082930974,-12978.215563005855
152998.96235035956,149712.2760904673,3286.6862598922744
147412.63324246154,145311.08509952005,2101.548142941494
327598.7344467413,346801.18088555796,-19202.446438816667
73658.22025423165,86918.41697338078,-13260.196719149128
247631.24514047147,230143.0240542068,17488.221086264675
273837.70005807804,274373.14721851004,-535.4471604319988
198906.70565383983,203221.48350491707,-4314.777851077233
213969.62033110496,218829.68598025813,-4860.06564915317
29531.819848968124,49567.56270495753,-20035.742855989403
202542.8010142872,209904.18152598382,-7361.380511696625
112110.0898217417,96156.54112095601,15953.548700785686
333262.29856726294,360697.1124179298,-27434.813850666862
364860.7757610483,350568.9865575674,14291.789203480934
163216.62401726074,179216.0684244743,-15999.444407213567
241786.9684645452,220628.79498633876,21158.173478206445
281532.04782446084,265538.00901249645,15994.03881196439
355599.1100452093,332485.5966681321,23113.51337707718
192299.83599664856,163471.70805502398,28828.12794162458
255380.46435259675,248123.79742428253,7256.6669283142255
324693.97019929346,312965.8845163727,11728.085682920762
114589.40543721488,129289.02769707155,-14699.622259856667
276289.40601970773,269194.94595473574,7094.460064971994
430452.2363690797,375551.95241872256,54900.283950357116
281462.37699121604,299555.5671020139,-18093.190110797877
239390.8646033549,277483.3416474498,-38092.477044094936
200721.7706618581,128201.14872478574,72520.62193707237
268678.6972164799,240425.29424596278,28253.40297051714
412649.7351507776,389000.07060923683,23649.664541540784
350592.3406424628,332046.16630589555,18546.17433656723
232948.05883465768,234145.95543627188,-1197.896601614193
240299.55714664707,279267.8385665343,-38968.28141988721
318513.51744601363,345064.7580957811,-26551.240649767453
259303.51313653527,232982.39150362762,26321.121632907656
236785.437714779,274369.55177624035,-37584.114061461354
343094.0274013842,366948.7828565734,-23854.75545518921
338550.67997798946,328324.2783108384,10226.401667151076
345351.05718315573,366457.478294339,-21106.42111118324
185024.15281539952,211820.68595738005,-26796.53314198053
176350.86748061434,147845.85330310703,28505.014177507313
311001.4275253006,312310.32286683546,-1308.895341534866
213387.01938834644,199664.41452098265,13722.604867363785
212376.52494657965,225381.0921412759,-13004.567194696254
205888.751554296,228400.24844470175,-22511.496890405746
258089.5941743438,254121.13971276928,3968.4544615745253
211069.56518043508,198662.28841822804,12407.276762207039
288624.79277593555,270788.5580632272,17836.234712708334
290017.8126917478,273623.13162701466,16394.68106473313
339110.62920991203,342246.25217931427,-3135.622969402233
160284.11929490187,163843.27180527133,-3559.1525103694585
83298.50906947754,83901.48696135485,-602.9778918773081
257979.8524917799,234334.6314672355,23645.221024544386
107234.37490456089,125795.5327796879,-18561.157875127014
131812.59245866744,112276.05764725638,19536.534811411053
248125.96243201607,239881.7546122896,8244.207819726464
193583.28690845583,202198.6737064044,-8615.386797948566
294665.2849357782,319054.91549110244,-24389.630555324256
377461.9253225391,403800.51330586686,-26338.587983327743
279278.19781753665,280624.4643198148,-1346.2665022781584
125844.22521105313,92950.6102283445,32893.61498270862
391988.21855750657,398153.69678178674,-6165.478224280174
213385.78571187131,220625.21624524042,-7239.430533369101
311024.8913259437,308614.91203051835,2409.97929542535
263763.34638388274,253823.69012243132,9939.656261451426
195664.54362402423,202143.79962715748,-6479.256003133254
385401.9789212827,407456.1197471997,-22054.140825917013
263840.9906696631,289283.7913728933,-25442.800703230198
171207.40609903724,139766.29096582741,31441.115133209823
341092.2871539381,339578.7393159703,1513.5478379678098
145191.09655482363,184491.78671513108,-39300.69016030745
158973.58958001703,158873.57786641258,100.01171360444278
248517.64331112467,253744.97860016522,-5227.335289040551
298253.2470761025,306319.06820853474,-8065.821132432262
378306.1481938978,383269.6607393978,-4963.512545500009
125449.02002131242,134159.22778242137,-8710.207761108948
151444.49820457044,146889.3241043795,4555.174100190925
251917.7681963599,242360.99916675125,9556.769029608637
107065.81190910048,114048.5045348077,-6982.692625707219
247086.9801383661,262332.276888666,-15245.296750299865
350889.9962825108,354802.6274586142,-3912.631176103372
504968.7537581719,508114.39912962914,-3145.6453714572126
204956.76754637077,179776.15823254577,25180.609313825
401718.1453181614,414511.1794840105,-12793.034165849094
390561.0241974587,372461.8019592328,18099.22223822592
181116.8406171332,199059.5697276475,-17942.72911051431
-15319.91528826093,1292.4021441729274,-16612.317432433858
184616.1419432148,186608.0205628219,-1991.8786196071014
241403.06181019137,264049.40837386344,-22646.346563672065
300053.79466591735,309015.9905703658,-8962.195904448454
336132.709832047,333221.06876716384,2911.6410648831516
323622.377441947,330537.9977675563,-6915.620325609285
390550.022198175,405894.66406165645,-15344.641863481433
173545.22979318918,165555.93625172574,7989.293541463441
106163.47101139964,97270.96226141322,8892.508749986417
158901.8886464145,187704.32493086538,-28802.436284450872
311697.41068762087,311175.65551695216,521.7551706687082
113639.70130575316,90963.06648990483,22676.63481584833
282222.3550625956,275330.6511862675,6891.703876328131
235497.91867111597,250072.9987067024,-14575.080035586434
280855.494635058,248199.01680491024,32656.47783014775
401500.9686314895,420533.483265937,-19032.51463444752
140378.57150375983,134601.20207012142,5777.369433638407
269341.0317139502,274203.22640982183,-4862.194695871614
258968.93165599712,206427.34000132902,52541.5916546681
135821.22696972376,137912.3007244786,-2091.073754754849
69692.22331996728,110264.70632176305,-40572.48300179577
465380.4843408211,422420.79683063505,42959.68751018605
134274.77880147475,136560.8994705356,-2286.1206690608524
183166.94108525643,199690.73964669788,-16523.79856144145
240084.2606185481,261567.20861084815,-21482.947992300033
303116.5766165423,270080.0276837588,33036.54893278348
400337.9702275154,389362.79192785954,10975.178299655847
401657.16899374966,408548.97260285704,-6891.803609107388
180152.24057589564,171519.17223190953,8633.068343986117
399332.8596354632,408711.52653016197,-9378.666894698748
325237.3976383884,311395.4559455791,13841.941692809283
573215.3609035917,538315.1030088023,34900.25789478945
172168.29059005284,178229.1998440223,-6060.909253969468
116691.421027307,112132.49486770201,4558.926159604991
163413.75862937784,151975.2459783767,11438.512651001132
325186.6258115078,323495.0736049459,1691.5522065619007
283636.3062362525,260254.0657378834,23382.240498369094
359243.74451634364,389495.78545654635,-30252.040940202714
191314.0000150953,189992.35169909865,1321.6483159966592
266434.9041522153,274342.8380652413,-7907.933913026005
351848.8856436733,342695.1285188664,9153.757124806929
172847.47669524257,126259.36712224627,46588.1095729963
183403.6713571271,232664.33040343432,-49260.659046307206
215232.1901162045,245828.29361613793,-30596.103499933437
262452.2703830693,256962.1608512983,5490.109531770984
337026.58211583685,302785.7672759215,34240.81483991537
177541.72238506156,180649.77984045842,-3108.0574553968618
327016.156169581,350711.0837092727,-23694.92753969168
440742.06698319473,374773.055977053,65969.01100614172
223593.26558934996,194102.27194411715,29490.99364523281
341061.7157336473,370509.9449892215,-29448.22925557423
349120.0125610939,375584.2112888035,-26464.19872770959
333750.8787629701,307394.0446174689,26356.834145501198
154627.03926574963,150158.2225879522,4468.81667779744
332682.988312372,320024.5261820822,12658.462130289816
304738.60317955783,284939.7272873053,19798.875892252545
313174.9579207747,300661.66061324783,12513.297307526867
297302.3983489621,338714.4590989604,-41412.060749998316
155813.21528337663,166042.40433205222,-10229.189048675587
240616.0497129544,290314.0909578643,-49698.041244909895
235221.3376780191,202251.1716680394,32970.1660099797
162770.80397112164,132506.28762603636,30264.516345085285
266274.4392146521,240796.18477966654,25478.254434985574
169478.5162032022,167991.9660570866,1486.5501461155945
395394.2009166318,375393.8453095052,20000.355607126607
289531.94946106453,284355.49767171504,5176.451789349492
236088.39354238845,234875.2849073595,1213.1086350289406
255176.0527828111,206100.3031649174,49075.749617893714
222420.6428249773,213039.62113375586,9381.021691221424
239074.69028487572,261437.2917973024,-22362.601512426685
173139.7696831803,143446.494555804,29693.275127376284
569437.398878906,571561.7578196428,-2124.35894073674
270368.30009095854,293553.55304975127,-23185.252958792727
407582.4180413189,376239.1630610119,31343.254980307014
186290.5975083093,191418.04927834013,-5127.451770030835
410823.1138433475,416403.14084565535,-5580.027002307819
453019.6669208659,465308.02673775016,-12288.359816884273
82751.343416674,82102.89396485695,648.4494518170541
251893.9007976488,250863.82506015457,1030.0757374942186
116913.48619547846,117280.01700017267,-366.5308046942082
175184.5783131401,175636.27191939548,-451.6936062553723
252684.9779950288,265620.62446103996,-12935.646466011152
191242.5170626258,221428.63901468128,-30186.121952055488
171968.57819859404,175795.93000130256,-3827.351802708523
211084.01470674717,237237.622400201,-26153.607693453843
217306.04918098537,233264.0833491307,-15958.034168145328
116525.30600140456,116433.68285764672,91.62314375783899
247293.53346684147,226230.33311488188,21063.20035195959
239456.0627151152,245397.52764710187,-5941.464931986673
369996.9194890558,376893.94963595946,-6897.030146903649
298669.4012690059,328359.5290095119,-29690.127740506025
290672.8656423153,347914.82085837994,-57241.95521606464
188640.60121668177,209424.1421488425,-20783.540932160744
204044.27271922317,241426.3165691978,-37382.04384997464
356471.0798385963,333091.26399000763,23379.815848588652
408192.1342456008,417457.4387052212,-9265.304459620442
51877.865278964666,71947.88948021596,-20070.024201251297
128417.39874275772,141803.85866234463,-13386.459919586909
281083.80018465075,257281.3240376467,23802.476147004054
201908.56232989937,235724.68220357448,-33816.11987367511
366610.4806294819,352227.75034500053,14382.730284481368
20799.00194479785,16187.659147946135,4611.3427968517135
201682.57484957395,209234.91164954953,-7552.336799975572
400586.208918285,333436.923042402,67149.28587588295
241327.04669994485,230557.99316117633,10769.053538768523
46823.73032702618,4930.548967939569,41893.18135908661
216367.78857731452,207466.5522755979,8901.23630171662
354187.90954418865,342586.9839584447,11600.925585743971
211391.5010524524,219028.82524927572,-7637.32419682332
142754.22866708788,123534.69303999777,19219.53562709011
342463.69924520084,366262.7336466695,-23799.03440146864
167355.92207698466,190760.3019058286,-23404.37982884393
145606.02892286133,187255.23320391946,-41649.20428105813
368755.3198730644,361019.5233875676,7735.796485496801
164144.0011966411,148604.5258272651,15539.475369375985
117317.05670749348,115310.64236720992,2006.4143402835616
148361.31336628436,153475.08404261438,-5113.770676330023
204266.9769891713,188628.32495926903,15638.652029902267
298984.79174227413,276250.18159762525,22734.610144648876
224101.0789882715,239056.0052397031,-14954.926251431607
226938.5179565916,239135.62036561442,-12197.102409022831
213694.7613007173,217231.6389936666,-3536.8776929492888
249084.8670115014,256016.68127151884,-6931.814260017447
77359.12549636132,83050.09632332891,-5690.97082696759
355056.044560838,331576.26699804165,23479.77756279637
226519.61868725708,265473.0024874965,-38953.38380023939
275694.63437192497,288573.6427436811,-12879.008371756121
276480.88422420097,255689.53248665508,20791.35173754589
253941.7787349161,290498.40045226744,-36556.62171735134
299450.4245209674,302700.5493445451,-3250.124823577702
130362.40047047964,162268.2909492202,-31905.890478740548
310542.6665358384,308789.17025911127,1753.4962767271209
339840.3480340755,376076.93588289875,-36236.58784882323
307190.734519378,313185.1726123458,-5994.438092967786
305678.5966446602,307304.89566805377,-1626.2990233935416
294229.8728652548,310228.4995290409,-15998.626663786068
249128.4349086873,259022.38575657076,-9893.950847883447
353388.7185498548,355649.2961369547,-2260.5775870998623
181523.9317514236,147051.56104310462,34472.37070831898
170704.6200183288,166977.02941209415,3727.5906062346476
395849.90361546073,390527.0838018989,5322.819813561859
245674.49809580692,243164.02191085173,2510.476184955187
463643.2357967129,481856.9905377956,-18213.754741082666
266217.47272394405,264859.73832026357,1357.7344036804861
280682.15980255423,281991.41515149985,-1309.2553489456186
316947.41309450974,303470.85502256406,13476.558071945678
218145.72663098277,202504.35380204907,15641.372828933701
452204.32485050434,456223.69562966947,-4019.370779165125
390404.1458815453,370017.8367268281,20386.309154717193
208384.26260231136,176548.0935798732,31836.169022438145
305700.67879983265,327880.27924511424,-22179.600445281598
208360.31669398397,187760.79485590203,20599.521838081942
204273.4316299708,179352.4571758065,24920.974454164272
-18514.11297754429,14019.911694481852,-32534.024672026142
245147.43479392765,239758.1058871278,5389.328906799841
236310.8841069754,254030.82002738403,-17719.935920408636
136588.29905149262,142832.78676349387,-6244.487712001253
213016.383378125,223901.08257156456,-10884.699193439563
256106.76125914027,259026.2623675589,-2919.5011084186262
210325.81575889053,199596.5611219977,10729.254636892816
227230.6927668325,242871.4808818778,-15640.788115045289
220316.9787236052,187160.49960332178,33156.47912028342
208751.033439356,205822.0671238451,2928.9663155108865
215783.15786685192,236618.40693510103,-20835.249068249104
398255.9044795266,378421.20092765155,19834.703551875078
274871.8448152154,288973.7706883918,-14101.925873176428
346986.9468992906,365512.507069554,-18525.5601702634
71312.71643392213,61926.83022660535,9385.886207316784
155328.7810207716,151174.51172450406,4154.2692962675355
256455.97111450223,242338.263884181,14117.707230321219
207365.8216975199,237388.9919946811,-30023.17029716121
304355.63358700206,308271.69168128906,-3916.058094287
231975.41778128283,259268.50255226356,-27293.084770980728
292522.4540073676,288315.24279300845,4207.211214359151
135195.91146200043,135355.3546481821,-159.44318618168472
233006.7122549649,245819.3458319925,-12812.63357702762
383009.9428745191,405956.9045673577,-22946.96169283858
241850.61039340956,232468.0350339455,9382.57535946407
181208.27271308177,169887.95181194536,11320.320901136409
228972.7327093799,229759.5080246088,-786.7753152289079
382210.10772098514,399626.7791986803,-17416.67147769517
362511.7871759049,369263.3366016321,-6751.549425727222
172982.61131763243,193680.21502254176,-20697.60370490933
299774.0089481392,278585.00565572234,21189.003292416863
266563.6653834795,253076.27520057076,13487.39018290874
202166.34408230093,196868.43027138978,5297.913810911152
344475.0017949631,346670.48063754727,-2195.4788425841834
285789.3557747643,297655.91144117154,-11866.555666407221
213886.8313450518,215760.93068368593,-1874.0993386341434
321844.8638936691,357336.17343492113,-35491.309541252034
141488.2794829169,147823.50040433597,-6335.220921419066
335796.3714169903,323635.870917166,12160.500499824295
181375.6221138826,188906.92574392847,-7531.303630045877
339649.64551282313,332284.50736938673,7365.138143436401
283351.8654094477,277756.859370289,5595.006039158674
391699.41332456336,384474.7411690883,7224.672155475069
212034.10199389755,181621.28805183197,30412.81394206558
140558.43045219826,136770.03235099508,3788.3981012031727
352729.00986826414,333539.1607508202,19189.849117443955
297519.2301004913,319268.42575548106,-21749.195654989744
184686.95537709215,191513.17993435828,-6826.224557266134
154125.4301917959,137340.41618080522,16785.01401099068
258724.935876098,260762.39221832936,-2037.4563422313659
123882.94746392067,157315.5610902342,-33432.61362631353
130391.83323611355,129441.58821498553,950.2450211280229
226866.58890245005,207405.93241638027,19460.656486069784
287457.8321139856,308175.0463967679,-20717.214282782283
356224.504464413,320516.3914662209,35708.11299819208
104895.9640027118,95084.62821243276,9811.335790279045
312008.4097512983,305793.5812089883,6214.828542309988
288242.35079563694,273459.0918346113,14783.258961025625
189809.24881432383,169200.1525984999,20609.096215823927
289182.45057306526,274162.9629474422,15019.487625623064
356679.9615001401,340947.628807728,15732.332692412077
227230.7703354157,213979.26930913032,13251.501026285376
234998.1251460754,232619.8837462173,2378.241399858118
87075.54619266132,82578.66327064147,4496.882922019853
234798.9318297677,274613.0593313636,-39814.12750159588
316928.03035265126,298162.5365773246,18765.493775326642
256678.3452576051,258455.30896022386,-1776.9637026187556
287720.57425366744,311600.57600674895,-23880.00175308151
8232.284760287825,31104.74267470819,-22872.457914420367
68554.01299826837,61969.417691167735,6584.595307100637
213900.1788869597,216639.44374245964,-2739.2648554999323
252944.64327106427,283933.101264153,-30988.457993088756
334338.0365355266,346801.8079507727,-12463.771415246068
310399.47219787014,291352.5519780791,19046.920219791064
195321.3417185588,204604.11202122856,-9282.770302669756
358491.5854161359,359836.9826991218,-1345.3972829859122
157299.59688358675,149646.42000737568,7653.176876211073
260145.53646472,279683.13254153926,-19537.59607681926
344140.68558946246,328027.1080241872,16113.577565275249
351056.1568136169,352345.09942709387,-1288.9426134769456
261988.6923256064,249353.17426203296,12635.518063573429
346671.30797507084,345505.45058247884,1165.8573925920064
366695.2208116311,351679.2405287865,15015.980282844626
389001.6893131601,411014.98524445074,-22013.29593129066
181709.05136801812,172493.70693695138,9215.34443106674
60194.36016309136,48485.42251717625,11708.93764591511
165364.06299974947,164400.8094802861,963.253519463382
178031.3688041744,147407.61832307326,30623.75048110113
207223.32846600437,211573.98775404913,-4350.659288044757
270334.89987708296,251004.9832937013,19329.91658338165
285505.9698808933,287981.7940007709,-2475.824119877594
22210.230655860367,49939.102600584854,-27728.871944724488
345892.40098894737,327253.9219592622,18638.479029685142
122767.10195888724,110866.95584462359,11900.146114263654
125529.90236600966,146946.61379796633,-21416.711431956675
335485.24994807114,332547.60205911845,2937.6478889526916
158878.48649437516,141212.15360229783,17666.332892077335
288796.0909268997,246672.353566354,42123.737360545696
246737.8328069033,212196.430021108,34541.402785795275
234758.681166199,243827.9512686728,-9069.27010247379
296322.5759446088,286189.26773323957,10133.308211369207
299405.54830388585,291482.20203822275,7923.346265663102
239555.94713594465,231101.21319463762,8454.73394130703
303616.25292015803,322656.6138551431,-19040.360934985045
250369.8994223615,234043.15333166858,16326.746090692905
441168.9338786985,407863.4526586957,33305.48122000281
348277.7381276555,382493.709985707,-34215.97185805149
282099.9712421512,265668.1147036568,16431.85653849441
230918.5447557046,257433.7464363571,-26515.201680652477
161408.29878617794,219380.2292640779,-57971.930477899965
355161.524280214,361782.5715657362,-6621.047285522218
342084.8482482235,289043.45554127387,53041.39270694961
159947.97212025907,134856.81662660098,25091.155493658094
290550.0843155103,282744.12145355926,7805.962861951033
315716.37937203725,291983.67034396384,23732.709028073412
144128.14840983585,159716.7652914988,-15588.61688166295
358448.9502417388,376911.8024789011,-18462.852237162297
330325.5569203982,371028.66762123373,-40703.11070083553
272120.6342624356,329590.51004490454,-57469.87578246894
393359.8367925844,375341.1166070703,18018.720185514074
173238.8141823916,159758.639232,13480.174950391607
391086.2045152208,365050.99442509894,26035.210090121836
170547.8423719148,158885.94962571212,11661.892746202677
328986.6333664507,317815.42975709995,11171.203609350778
292822.44068361336,321311.6326426615,-28489.191959048156
196364.8177794535,167529.09297416543,28835.724805288075
410821.6795801595,433068.2756850746,-22246.596104915137
389021.4875704658,399098.9195746551,-10077.432004189352
238916.29880636567,236882.07776977628,2034.2210365893843
104255.2995624466,109403.10801945804,-5147.808457011444
126040.97260857376,127236.52763558133,-1195.5550270075619
217771.13221163023,203667.87144038972,14103.260771240515
397864.803613412,394503.5672159806,3361.2363974314067
192669.67051892192,212154.74499596146,-19485.07447703954
165454.7798922827,177271.639249378,-11816.859357095294
78213.93987773452,116757.88421977591,-38543.94434204139
162580.77103504416,196983.435047011,-34402.664011966845
177125.3825902559,179276.3142547831,-2150.93166452719
164176.8064094099,118334.95436493904,45841.85204447087
421528.07292893325,401671.7985690355,19856.27435989777
150658.5265406609,132439.43581242856,18219.090728232346
196204.62809459036,196693.85596861984,-489.227874029486
301212.70197721897,288328.7313104546,12883.970666764362
302474.9459953021,270528.8506789302,31946.09531637194
219727.7314805306,226378.7647016463,-6651.033221115678
304913.64286804374,289011.2220527084,15902.420815335354
193797.7931084501,187815.09445493054,5982.698653519561
138458.64999381793,142576.3545088495,-4117.704515031568
321918.7751318424,316451.30139330705,5467.473738535366
169660.33391917267,153967.13241452188,15693.201504650788
332655.07145842054,329210.22805477737,3444.8434036431718
159853.930755183,170232.027184767,-10378.096429583995
251855.81682042388,219281.2260006981,32574.590819725767
354729.1423600885,341364.14030762395,13365.002052464522
327993.0060259277,368394.89125524036,-40401.88522931264
33182.62043760939,47979.698691140366,-14797.078253530977
319447.57357437466,320549.8050903613,-1102.231515986612
121280.56294509328,118720.61422841283,2559.9487166804465
267633.50939373096,252371.98270523446,15261.526688496495
283190.8542520959,280707.2741005082,2483.5801515877247
305770.0737955868,317694.01662990183,-11923.942834315007
288811.860542077,279262.17857037624,9549.681971700746
114379.2352597513,153959.91412195849,-39580.67886220719
275823.35331254604,284135.97680782573,-8312.623495279695
359059.22944352595,344051.9914618753,15007.237981650629
220285.4247301761,235078.61676075234,-14793.192030576232
257693.7061547777,270761.27978677885,-13067.57363200115
105247.75481141376,109898.83731853613,-4651.082507122366
429825.7982577044,432952.3880256873,-3126.589767982892
461116.4179926061,488576.1069960734,-27459.68900346727
304346.7363226621,259393.9547653048,44952.78155735729
216194.79237271537,228874.80883840544,-12680.016465690074
191367.6344395356,196319.36514042882,-4951.730700893211
280025.6192920897,277283.21752971946,2742.401762370253
292964.8486634239,253835.26886221638,39129.579801207525
186348.04652010303,186230.48183939076,117.56468071226845
198734.495474337,197134.96058774088,1599.5348865961132
224378.69402168848,219286.85040389813,5091.8436177903495
349151.1706425459,358266.6908961867,-9115.520253640774
242945.54002287547,240484.63636390874,2460.9036589667376
177010.9610088892,166884.44350604003,10126.517502849165
211480.7192316033,236472.43198414127,-24991.712752537976
375910.7148074754,363104.2120944057,12806.502713069669
322677.7290333884,287196.26140656206,35481.467626826314
277829.98863533296,292576.4123460822,-14746.423710749252
138180.93779799767,152278.91906517127,-14097.9812671736
159702.61074716755,176443.51796319892,-16740.907216031366
398519.0367478169,396935.02810140187,1584.0086464150227
303349.55726341566,305777.63759270293,-2428.0803292872733
233590.44613282807,202476.28630147086,31114.159831357218
290319.7819579559,261032.0515035846,29287.73045437131
229247.5501431028,205179.35091745845,24068.19922564435
310555.93879843183,304455.40314523317,6100.535653198662
158441.0234657945,141587.80605898175,16853.217406812764
184537.5975895057,202682.7520819797,-18145.154492474016
399614.437487196,385767.3552425666,13847.08224462939
312571.6284115281,305994.60511444893,6577.02329707914
272755.7721537154,261891.1838514363,10864.588302279124
361877.8468440276,375396.94122163043,-13519.094377602858
263674.76626705925,274696.43713650183,-11021.670869442576
333260.0810052116,301640.5052628253,31619.57574238634
280715.74336795945,242202.3427754394,38513.40059252005
199485.844043022,218499.14534089668,-19013.301297874685
237239.9488376126,215505.59142009367,21734.357417518942
387018.911796385,373065.7465066764,13953.165289708588
203804.4663307113,195162.08308077775,8642.38324993354
287554.50587365485,276643.3235048625,10911.18236879236
300051.2118765632,299344.06401318125,707.1478633819497
322203.1420021549,338027.69909629936,-15824.55709414446
261970.3831272187,273800.1630945871,-11829.779967368406
287005.48426833743,255103.67004272502,31901.814225612412
149295.75356551295,189884.1480585782,-40588.39449306525
368012.2021349567,415123.6243042267,-47111.422169269994
355515.75754669774,342603.9864652373,12911.771081460465
143993.2652644228,141227.36031819697,2765.904946225841
283725.8365765184,296872.66356209014,-13146.826985571708
191091.12689852496,183804.80386857677,7286.323029948195
197275.11032326563,251296.4802232275,-54021.369899961865
268869.0712263437,261587.17638568932,7281.894840654364
421217.9464552501,439745.6729697005,-18527.72651445039
334945.0337128783,327488.99776490993,7456.035947968368
392784.8754480529,401071.5568768155,-8286.681428762618
286828.4242695641,298421.8964856391,-11593.472216074995
259628.9275186921,277216.1500190976,-17587.222500405507
173666.92260820707,157365.44036082432,16301.482247382752
211514.24681578457,210334.2262488385,1180.0205669460702
131339.71831268043,123545.10044117982,7794.61787150061
341952.82720327616,370623.14303655835,-28670.31583328219
221496.3813375788,208505.37965684792,12991.001680730871
89523.75185320931,126303.04148238548,-36779.28962917617
350885.9117167798,353545.30277667835,-2659.3910598985385
235934.546749384,247424.505465562,-11489.958716177993
95019.335897092,131137.96389244762,-36118.62799535562
244614.39589330336,242634.89983853567,1979.4960547676892
315081.4088343114,298387.9729792582,16693.43585505319
289306.709058439,248393.42391285443,40913.28514558458
394195.4044257946,386657.8962705919,7537.508155202726
133947.23609716806,144610.19303877943,-10662.956941611366
272442.33983353723,284783.8092213109,-12341.469387773657
414429.3433431104,449723.67201144114,-35294.32866833074
248590.2874073916,258013.36727725706,-9423.079869865469
152887.64231891028,190511.24712436815,-37623.60480545787
189015.96549907955,184066.5192088468,4949.446290232765
198778.0997025551,190977.7596245272,7800.34007802789
357278.8810812817,391676.1971046988,-34397.31602341711
240894.5002788208,238530.9563279464,2363.5439508744166
169176.34735008393,162500.09316308796,6676.254186995968
392539.488265733,406290.0003514436,-13750.512085710594
283808.2264414848,284497.55074586207,-689.3243043772527
156406.3964914435,148229.94268951868,8176.453801924828
481435.66658097785,474525.82931028714,6909.83727069071
213946.5581514246,200887.22365105938,13059.334500365221
270773.94094004825,260737.38534160051,10036.55559844774
214702.46118999747,245918.22403622605,-31215.76284622858
241368.91369640836,219917.90985754452,21451.003838863835
122504.74826472168,136991.41381757733,-14486.665552855644
285164.1310392027,278930.05850624136,6234.07253296132
221817.0871593872,208619.89853521017,13197.18862417704
369953.7282694574,356306.8434705381,13646.884798919316
193177.59133937245,216347.62325056538,-23170.031911192928
263737.13966445765,232298.06119495956,31439.078469498083
242635.0056906489,239860.73325196648,2774.272438682412
383266.8490002956,359225.44814906735,24041.400851228274
186493.8232652767,183690.02856662078,2803.7946986559255
100116.30438118878,114795.2995180905,-14678.995136901722
333171.20599828154,356298.33734177914,-23127.131343497604
41594.28124965414,21067.773859955953,20526.507389698185
425927.8774638238,425641.3879604945,286.4895033293287
297713.9703201146,264487.20319910505,33226.76712100953
281082.27257574623,278402.8485047484,2679.424070997804
204968.2916642382,218944.98011004354,-13976.68844580534
245755.94109493252,255293.59863407695,-9537.65753914442
279066.4021707383,271533.34130087704,7533.060869861278
295596.38379611773,291484.226226233,4112.15756988473
332133.07235966483,334262.9164855081,-2129.8441258432576
281913.4061222188,315838.70172392065,-33925.29560170183
182149.79243577595,165534.02401740194,16615.768418374006
214951.29857010127,196436.28531883366,18515.013251267606
109600.79561491866,126938.76742878929,-17337.971813870623
192773.80748224453,196352.10127288126,-3578.2937906367297
337090.5896673409,314445.6016296676,22644.98803767329
215642.6998999396,211394.01984341972,4248.680056519865
138785.1707872125,167389.2537050858,-28604.08291787331
206010.7575140648,212388.45985563062,-6377.702341565804
357998.26380065817,345524.77628544025,12473.487515217916
332874.9818870039,329738.84012908535,3136.1417579185218
57522.52699083089,58842.30408238893,-1319.7770915580404
289027.66273098625,276812.96647424554,12214.696256740717
440619.7338951049,447347.8551759715,-6728.121280866617
268556.4261053271,261347.87274162096,7208.553363706131
334950.38477771624,308011.6737505916,26938.711027124664
176074.27258089447,153459.2723424955,22615.000238398963
292794.60341677925,282290.7817768359,10503.821639943344
390664.7953868469,362961.3216399916,27703.473746855278
474671.9012172477,438217.1251805665,36454.7760366812
241081.84195342573,227464.4763531221,13617.36560030363
162955.472303478,183469.49291291088,-20514.02060943289
330944.0873799392,306688.6023353803,24255.48504455894
409846.5639072325,388936.4226990844,20910.141208148096
386589.5550924123,392142.6322141686,-5553.077121756331
366135.7467233128,352474.4062767115,13661.34044660133
225047.8407252354,218427.82322713366,6620.017498101748
63788.39508262591,57256.71038062789,6531.68470199802
274571.24589963706,283125.4222829851,-8554.176383348065
401741.4003485168,386938.5434962512,14802.856852265599
264751.8445692937,254109.52959449,10642.31497480371
213153.1347840629,235347.8464373523,-22194.711653289414
64957.58001698056,61173.3945820854,3784.18543489516
315118.3539394522,287407.37812349334,27710.975815958867
250674.04788865324,246336.8822964289,4337.165592224337
151588.4646095663,148235.13835203648,3353.326257529814
387648.1552084912,366339.613997087,21308.541211404197
204783.11744687663,179891.24969235744,24891.86775451919
350491.09434187866,371103.65101247444,-20612.556670595775
456679.6003437867,440316.83823078003,16362.76211300667
356393.68340283906,354959.67159192346,1434.0118109156028
443028.1113687075,414001.35319565283,29026.758173054666
352461.9978493348,336750.6224477346,15711.375401600206
237906.29351828905,270604.8325790612,-32698.539060772164
228733.06430959012,222528.45286807566,6204.611441514455
48708.4217208698,67713.04159858945,-19004.619877719648
180383.3862356704,181365.51585162606,-982.1296159556659
305227.36316641286,290205.7531424586,15021.610023954243
259891.51507953292,290494.9882290419,-30603.473149508995
290699.4405097503,307204.69120181404,-16505.250692063768
112655.98797008864,117724.47539977144,-5068.487429682806
212625.2203055951,203239.3651048771,9385.855200718011
211105.2862674149,231395.18194689846,-20289.89567948357
106149.0259620892,108059.87027105194,-1910.84430896274
135224.47088867007,148306.38624790168,-13081.915359231614
344867.5018454037,360324.3387546997,-15456.836909295991
208979.80370885445,218899.1129402305,-9919.309231376043
197124.71201974535,199579.20025402025,-2454.4882342749042
166328.29239684847,152083.96179817064,14244.330598677829
344893.9693355682,327814.62356923154,17079.345766336657
292564.8258093269,292972.91583393817,-408.0900246112724
173233.4215578335,156071.33989396907,17162.081663864432
267045.97618440527,249831.11249090475,17214.86369350052
31445.09116540787,36295.19227594521,-4850.101110537344
207045.8745434536,236079.06841221335,-29033.193868759758
373717.6697872928,413822.92710341024,-40105.257316117466
421160.44341691263,411058.51513994293,10101.928276969702
297345.9362575643,262905.2143180221,34440.721939542214
108729.0252697819,101987.47950546228,6741.545764319613
369114.1581899069,364716.1307151785,4398.027474728413
227588.17974834732,233762.53573150694,-6174.355983159621
419235.94638494105,430863.90411548375,-11627.957730542694
394251.3386375226,375305.7000532397,18945.63858428289
178947.60181955996,184937.17686590608,-5989.575046346115
505926.6157588808,465424.14303072717,40502.47272815363
256471.2327452512,229405.45819736994,27065.774547881272
198861.76730991085,198187.54078231583,674.2265275950194
293775.0919642272,300106.37999089085,-6331.288026663649
170514.00455301756,181640.537089405,-11126.532536387444
378387.0295622996,385761.00899320113,-7373.979430901527
391568.7115869636,386864.2981293081,4704.4134576555225
288504.4351665857,313633.86621953524,-25129.431052949512
230641.37433192309,238830.93511120763,-8189.56077928454
363812.2213436778,374506.40670931555,-10694.185365637764
202238.13583169773,233947.38563324817,-31709.24980155044
269780.8241947879,269215.575576182,565.2486186058959
257201.11999739165,261965.6556838574,-4764.535686465737
241131.23392495388,231014.87319640061,10116.360728553263
361655.10927355103,369411.8208868269,-7756.711613275867
268262.96798627404,273982.7170883693,-5719.749102095258
290783.7984339968,283371.7650834779,7412.033350518905
402331.1165897883,384404.89933288714,17926.217256901145
181759.30449549624,139720.20069384837,42039.10380164787
405790.3870259122,382477.0367240433,23313.350301868864
391638.7036362118,374314.2860353801,17324.417600831715
261040.94655085643,273436.62397471705,-12395.677423860616
249739.73389368108,264706.06899607985,-14966.335102398763
252184.1939057783,291350.575739276,-39166.381833497726
293386.2525204645,272835.46813003207,20550.78439043241
484768.7627638753,448038.00270220556,36730.760061669745
453669.8170492736,467145.2094987943,-13475.392449520703
343029.73076331656,346523.5008413923,-3493.7700780757586
383173.1365613412,380738.8877477646,2434.248813576589
376583.17956325255,353502.61370285053,23080.565860402014
368580.211336215,352425.6046597331,16154.606676481955
473961.30410915264,463478.1141473912,10483.18996176141
242021.55526137305,253091.44812274165,-11069.8928613686
266184.0391526555,257167.10511405917,9016.934038596344
289624.47886981926,340746.4436239641,-51121.964754144836
374847.4400065855,378480.66910245724,-3633.229095871735
379866.06618812575,380322.525198061,-456.4590099352645
235217.4922004527,217027.39245768968,18190.099742763006
234019.96349844345,237205.19385069824,-3185.230352254788
423315.22187088337,402299.5826984638,21015.639172419556
291025.83041021705,291131.12727121264,-105.29686099558603
446861.078479067,462932.0130453627,-16070.934566295706
145699.4133816025,171998.4859514846,-26299.07256988209
375444.0318774753,401642.8683261797,-26198.83644870436
146374.39423200747,156243.12585418072,-9868.731622173247
254490.67321920485,244702.31179125354,9788.361427951313
378279.129940312,358848.44189040747,19430.688049904536
303724.0837494892,301205.65498170716,2518.428767782054
241406.81501724655,267637.2853155827,-26230.47029833615
194204.05225349063,160022.77450112673,34181.27775236391
165539.47680737934,156889.0834297982,8650.393377581146
169821.07863368728,181047.8109946979,-11226.732361010625
389085.009672285,398257.1287151617,-9172.1190428767
231136.02762070968,251038.4480380109,-19902.42041730121
271007.0963455255,254031.79056803073,16975.305777494796
258057.68752889652,249135.21016082913,8922.477368067397
311700.333921758,316789.0896429422,-5088.755721184192
140376.6513873617,152751.1208118342,-12374.46942447251
420355.78171750257,412475.7740198984,7880.007697604189
65420.37334700252,72976.47935629587,-7556.106009293348
246758.19198150412,247201.54032056802,-443.3483390639012
373322.4541769524,382524.7951435159,-9202.340966563497
216037.2023230476,190507.3370773625,25529.865245685098
235262.4626158588,208901.96029442362,26360.502321435168
162240.97054153978,189298.59652642993,-27057.625984890154
250586.71666753927,278217.34993900533,-27630.633271466068
372474.35935939295,403103.5691390245,-30629.20977963152
276245.37058465043,258831.10370969606,17414.266874954366
489890.07902593625,475929.93078269006,13960.148243246193
185205.06298339943,177713.89241817064,7491.170565228793
195345.38354410196,184815.47678092815,10529.906763173814
232972.23330951243,210714.6236923483,22257.609617164126
90350.82092645008,145501.93744333956,-55151.11651688948
410191.2781482226,382434.3381383252,27756.9400098974
90712.737376943,78700.8343242112,12011.903052731795
368526.6398535741,389623.6351303478,-21096.995276773698
156877.67425845852,176822.7169423296,-19945.042683871085
159635.93331586177,184954.8877613882,-25318.95444552644
255491.5370870868,216205.92368750804,39285.61339957875
250371.558134956,243568.87648146454,6802.681653491454
377719.5312946101,408336.54522868805,-30617.013934077928
348963.51144503243,338685.26497894456,10278.246466087876
342361.4727899046,343434.9099618898,-1073.4371719851624
255132.37930200147,225565.74379336962,29566.63550863185
266713.48124094174,271952.57630439533,-5239.095063453598
280106.53608036385,283889.375525936,-3782.839445572172
177895.8499515695,176665.973162795,1229.8767887744762
405520.9032674232,405249.7575565049,271.14571091829566
214403.7102051306,211129.3429174904,3274.367287640198
278951.69747640553,284527.6789277599,-5575.981451354339
288266.5452900099,328586.8801056192,-40320.33481560933
351443.83658966643,336478.92570241087,14964.910887255566
454993.7745268766,463674.8434131165,-8681.068886239955
184887.95705395157,187867.31766866756,-2979.360614715988
201868.11588766004,188139.0028724752,13729.113015184848
293817.72026092286,269400.34324190783,24417.377019015024
148980.04513308257,150161.97812252011,-1181.9329894375405
240086.5221921956,250757.07501592394,-10670.552823728329
240336.1228684847,225873.76648113297,14462.356387351727
179893.2163585531,194009.62210715032,-14116.40574859723
192311.03617546248,198176.7038208827,-5865.667645420239
149588.83009984408,151362.75300801976,-1773.9229081756785
434940.4589972368,421709.2019445687,13231.25705266808
361088.7072092723,335312.7484440836,25775.958765188698
296504.0820302342,318155.6110229662,-21651.528992731997
269609.2826606819,269412.848884751,196.43377593095647
129879.99152578309,122074.3933191977,7805.59820658539
214569.84518322392,210591.66607056555,3978.1791126583703
179025.70336416148,153374.45151691325,25651.251847248233
333868.9951378348,290435.06093767757,43433.93420015724
300179.8423582654,317483.70673810085,-17303.86437983543
224640.0843870167,215785.24924305952,8854.83514395717
410118.2749204991,447703.13136218593,-37584.8564416868
-12819.872684730355,-4203.947515100823,-8615.925169629532
279127.5355244609,316219.9399518282,-37092.40442736732
393991.4961798473,398810.5911829103,-4819.095003063034
178341.56563782564,226987.57427180506,-48646.00863397942
134456.8485392981,164410.6804588664,-29953.8319195683
263111.3105573402,256087.4185056263,7023.8920517139195
55654.599097472965,94449.46571237448,-38794.86661490152
206044.35850754424,243621.12520321406,-37576.76669566982
274752.04269965645,296933.3922601741,-22181.349560517643
357759.4166072488,353128.0613831851,4631.355224063678
164631.21859596777,161280.74491609566,3350.4736798721133
261557.10000794905,269499.963741192,-7942.863733242964
204574.5068577421,214511.96035214447,-9937.453494402376
352395.7203502257,340034.19859796925,12361.521752256434
163051.89866336292,162848.87887082112,203.01979254180333
80123.53900307654,97492.5188219627,-17368.97981888616
269777.66306664306,258417.82345707453,11359.839609568531
364243.213405976,354400.98923229653,9842.224173679482
353699.5545378418,348508.62210955075,5190.9324282910675
89623.56226370973,101652.35334714333,-12028.791083433607
144710.46945882533,147474.62512444882,-2764.1556656234898
361145.9788536903,352040.72489577485,9105.253957915469
151671.64167044236,142431.76548149547,9239.876188946888
156043.6451852751,155688.42334496463,355.22184031046345
363410.88652849017,361926.3487722073,1484.5377562828944
169702.67905999682,155414.265611318,14288.413448678824
381120.5885603788,362842.35260767536,18278.235952703457
282679.320589624,268618.2150872958,14061.105502328195
333213.03172917047,350860.44202760403,-17647.410298433562
262621.2305287866,267361.2732665166,-4740.042737730022
220528.38310336127,198755.35319329068,21773.02991007059
197007.75652156636,188309.34895122953,8698.407570336829
100518.80508459693,99491.09931690458,1027.7057676923432
257901.69244600032,308210.050933172,-50308.358487171674
235090.99588021316,238147.39661425937,-3056.400734046212
259066.2533570076,268343.5349712137,-9277.28161420612
271869.9393886407,259406.90462249445,12463.034766146244
133464.72420160056,142429.75169758257,-8965.027495982009
171625.50029680712,205288.01870373415,-33662.51840692703
232416.2277586338,254338.40869573408,-21922.18093710029
297443.0984876104,264208.03436342464,33235.06412418577
178456.95814336467,192966.92794071,-14509.969797345344
233365.55988619837,234426.91424642678,-1061.3543602284044
403685.15407561866,389934.48054146353,13750.673534155125
312511.2997188893,314081.7963917434,-1570.4966728541185
226065.86077136407,216925.4977274455,9140.363043918565
286702.5840802676,301366.81660301326,-14664.232522745675
314858.3558489209,344924.4592956863,-30066.103446765395
199641.4190030506,185400.10326480388,14241.315738246718
239628.94906879967,262391.63706772646,-22762.68799892679
355173.3316773317,360066.9853075422,-4893.653630210494
402593.7590540877,423901.90050885367,-21308.14145476598
334197.1382952436,326868.05743838265,7329.080856860965
213927.7561067071,181454.5693333922,32473.186773314897
383823.3110446118,389536.9665384879,-5713.655493876082
110748.46412641623,112953.27960690993,-2204.815480493693
320242.42601814924,309566.44844413246,10675.977574016782
223277.44694094,234666.59052834156,-11389.143587401573
176059.27914981492,165863.60550507577,10195.673644739145
227231.77118558364,231234.24576171793,-4002.474576134293
291593.7643135098,290784.8393265381,808.9249869717169
209626.48236570097,201036.8234084306,8589.658957270382
417563.1362621709,381383.56885199563,36179.56741017528
295830.0733030462,293462.6577581208,2367.415544925432
207267.841602928,227421.3714731923,-20153.52987026429
65207.57402335975,75502.5483773291,-10294.974353969352
205841.89088681937,193744.80578922437,12097.085097595002
412402.1135632713,393887.38479648554,18514.72876678576
297595.8684224172,307235.819708689,-9639.951286271797
267608.0123395192,288805.4889366554,-21197.476597136178
281314.2534665411,254587.6479468948,26726.605519646313
457263.4153549864,454170.1752507095,3093.2401042768615
231912.827085592,237244.91722700009,-5332.090141408087
178552.36761715915,165277.28347124808,13275.084145911067
266100.5130174071,283610.0771476646,-17509.564130257524
237851.1258527596,223996.73909949808,13854.386753261526
306583.22014416533,283746.105899836,22837.114244329336
72251.47822491515,65023.254810391576,7228.223414523571
238461.33672653028,257939.37246774882,-19478.03574121854
496950.6863475656,499560.5006458011,-2609.814298235462
379192.0188004465,387893.09516391635,-8701.076363469881
114542.66910179572,140117.06727903272,-25574.398177237003
279225.80220859195,277721.21394792397,1504.5882606679806
200951.99737276384,187876.0046425578,13075.992730206053
183360.85313440504,206820.82542503282,-23459.972290627775
384513.9165508391,367269.9706297214,17243.945921117673
190276.751249792,191551.29200391727,-1274.540754125279
307243.8220865658,310735.0621881904,-3491.2401016246295
293409.7693265467,274823.62361540046,18586.145711146237
424141.6004567807,413281.0505449322,10860.549911848502
258918.3930934245,256059.91553576948,2858.4775576550164
315243.0645584589,300705.1295638339,14537.934994625044
252356.3273247345,235410.4477576922,16945.879567042313
175063.69715367595,185781.04283321797,-10717.34567954202
466696.69634671946,449503.4053032713,17193.291043448146
212567.22209653,188227.74660386663,24339.47549266336
248565.52144128009,248480.02257455423,85.49886672585853
262402.98498005414,252672.3160016608,9730.66897839334
261971.1135483384,239808.35133997098,22162.762208367436
323398.1629576243,284873.3761491653,38524.78680845897
301538.1935447778,309100.6841772051,-7562.490632427274
192261.62535114528,169739.18878083254,22522.43657031274
331495.60494342144,339795.0727175528,-8299.467774131335
202250.4999582164,183797.69632335746,18452.803634858923
337625.4871514158,292577.0398125875,45048.44733882829
320184.4499538612,325605.62696417066,-5421.177010309475
504245.2395464239,515527.12997912074,-11281.890432696848
532605.6023174112,516365.4056198223,16240.196697588894
304135.3625629766,291760.48830917,12374.8742538066
261780.7648379814,247508.08082439136,14272.684013590042
398073.99732769286,407068.45191767253,-8994.454589979665
218292.78425532085,250161.42198783826,-31868.63773251741
376903.74351503584,367950.20485552785,8953.53865950799
192439.57830116645,179726.63194279466,12712.946358371788
372030.4141630049,360677.27789423836,11353.136268766539
248056.8446403436,254533.43864789387,-6476.594007550273
224791.4223033192,206225.14166892882,18566.280634390394
285543.78329734894,317010.78861981304,-31467.0053224641
71129.28966940526,67192.17167391081,3937.1179954944528
174064.5054699915,184389.18035972567,-10324.67488973416
239453.28719883453,262263.2256486121,-22809.938449777546
265094.3906264556,244518.59103163547,20575.799594820128
110401.593940314,97090.39885912489,13311.1950811891
90640.47629518351,105112.41193435655,-14471.93563917304
253489.2999195601,283247.3934873226,-29758.093567762524
337946.3108470085,339343.9553580737,-1397.644511065213
282429.8011915717,268719.94824933197,13709.852942239726
334849.96984738647,300185.35080124415,34664.619046142325
354099.76189778105,346418.11304215546,7681.648855625594
305801.7155575706,323017.24292137683,-17215.527363806206
187415.1576281642,164526.4779768345,22888.6796513297
345119.23198630137,359029.4204412199,-13910.188454918505
350697.7323363564,340218.7169212046,10479.015415151836
346145.65699613205,338864.50223242963,7281.15476370242
189179.0633942185,212741.16466954412,-23562.101275325607
264350.3247276898,270376.3622122705,-6026.037484580709
472518.03660278657,489740.53589770023,-17222.499294913665
451681.7212014321,473826.97703399195,-22145.255832559837
227005.01032599944,238636.56859833235,-11631.558272332913
152380.50072214004,139151.18275588707,13229.317966252973
9752.509217217275,8409.543304445338,1342.965912771937
448303.1465922674,436060.222890144,12242.9237021234
240060.58526632705,232860.81132097822,7199.773945348832
299856.60152266634,316116.60949608614,-16260.007973419793
280766.8273785404,243862.49304132647,36904.33433721395
15078.480231871068,46958.76604614005,-31880.285814268984
230477.68516191043,228263.4682829105,2214.216878999927
347268.0941640581,333843.69774239924,13424.396421658865
165144.4730015535,171342.04979330016,-6197.576791746658
254427.98401274197,244668.12939699763,9759.854615744349
281443.83564570657,310590.1177961825,-29146.28215047595
325323.7156945408,314235.8915056683,11087.824188872532
205288.51422704657,214289.36532118332,-9000.851094136742
111593.1084523231,111912.4450726056,-319.3366202824982
401482.5382687419,396080.0321148206,5402.506153921306
480589.5199688864,471243.906423471,9345.6135454154
296422.9651790333,317575.92013333086,-21152.954954297573
248477.8267185453,269858.0712448272,-21380.244526281895
155396.6329585863,153705.5336454849,1691.099313101411
406099.91720817983,372366.5997447464,33733.31746343343
344520.8689384844,364179.2312745447,-19658.362336060323
284924.4058742556,255640.71202213137,29283.693852124212
194415.2055480418,221776.10908096042,-27360.90353291863
242606.0934925176,248243.23724760342,-5637.1437550858245
212489.6975880836,202320.39255194695,10169.305036136648
189014.1314655123,217912.65330952677,-28898.521844014467
202123.620269189,182695.80607848114,19427.814190707868
278646.14759685186,245914.79831980777,32731.349277044093
245813.6158933074,245742.87739736884,70.73849593856721
156842.14102009474,190416.41896251222,-33574.27794241748
307945.5116155496,298702.599096387,9242.912519162637
508108.7827139807,499221.84726792923,8886.935446051473
212515.66431976375,204174.2042746896,8341.460045074142
515830.0024320595,495450.7955035659,20379.20692849357
105241.66214734268,101054.94081122422,4186.721336118455
244933.59875043592,251342.7119305182,-6409.113180082291
298908.2674229284,273853.7002411231,25054.567181805323
117766.107232494,146149.04974616037,-28382.942513666363
166520.94519540228,165288.3436644584,1232.6015309438808
299362.29102608224,290477.6362706444,8884.654755437863
274302.54994954675,288383.7050081263,-14081.15505857952
356236.3503706648,388991.5003188222,-32755.14994815743
404188.0538447149,379464.44589769066,24723.607947024226
458406.741293349,487050.18555526284,-28643.444261913828
267631.0619928785,270696.69230786763,-3065.630314989132
450244.2808849504,463017.3829039533,-12773.102019002894
193185.6788055348,206867.24105020508,-13681.562244670291
175920.8710427933,178690.8706015665,-2769.999558773212
360858.18460107455,333873.6211469431,26984.56345413148
285895.6354649716,277853.264057001,8042.3714079706115
384129.91563608206,381926.97075472237,2202.9448813596973
393868.2206649099,379015.8018499296,14852.418814980309
267267.8689329166,289383.72425489104,-22115.855321974435
226439.1153764556,210060.29798427282,16378.81739218277
212979.86315004047,254557.566368595,-41577.703218554525
396631.2048592407,349025.62787810876,47605.57698113192
318687.43160699634,324321.41631581745,-5633.98470882111
219625.46776684665,228779.81452285583,-9154.346756009181
256663.5252456568,265849.42606710765,-9185.900821450836
322696.7268281803,344249.0869980565,-21552.360169876192
248004.04649792076,244417.25059414748,3586.79590377328
175657.63394956727,183819.9959418581,-8162.361992290826
178577.58636969715,173905.57309541255,4672.0132742846035
413321.6298098578,381088.0075957705,32233.622214087285
229338.25540141575,244295.51740567375,-14957.262004257995
76237.13307884276,93801.11278357479,-17563.97970473203
228599.42517802157,216164.79048369487,12434.634694326698
114283.2205769782,130854.49661300139,-16571.27603602319
436764.8792800398,418156.75667240785,18608.122607631958
311627.6605948241,295236.63362111204,16391.026973712083
244608.9673066362,220134.57124273543,24474.396063900756
298626.4420548456,295125.42559967295,3501.0164551726775
222350.3219046351,213491.3446613451,8858.977243289992
248428.2053791832,289942.2208956938,-41514.01551651061
178530.42554139916,193055.3895917746,-14524.964050375449
201765.42077753125,201608.15741317952,157.2633643517329
385452.60140714864,392424.485741782,-6971.88433463336
288641.66936005646,272934.32289075013,15707.346469306329
353907.02389241976,338545.77494862024,15361.248943799525
183481.3870764096,200426.11647432396,-16944.729397914372
342592.1109215333,334392.32518237835,8199.785739154962
145368.03350784676,148461.77987947356,-3093.7463716267957
205682.31468956915,205180.58921459466,501.72547497448977
339315.77358326,350507.36578069464,-11191.592197434627
270808.80221157585,252562.68555043061,18246.116661145235
300224.28110006085,308192.85758725525,-7968.5764871943975
335446.53781388514,346795.6464212318,-11349.108607346658
215086.39500267684,189722.75318049957,25363.641822177276
196683.54791443824,164022.97027240973,32660.57764202851
167412.62047830352,168219.96741656424,-807.3469382607145
235351.45914256567,213284.2876388274,22067.171503738267
133635.7880332556,136595.16853152082,-2959.3804982652073
161983.37502370073,203003.55654847564,-41020.181524774904
87435.90920264968,85625.37326447165,1810.535938178029
391276.5276216716,383081.7638082489,8194.763813422702
317208.4734813954,316720.95170748245,487.5217739129439
360125.7261645856,357750.48277060944,2375.243393976183
295863.6608059242,309016.46076254203,-13152.799956617819
392938.1167626592,389861.8939542474,3076.2228084118105
415507.2118835817,423295.7604528498,-7788.548569268081
217749.3332664189,197996.05068391154,19753.282582507352
300081.16371179995,296570.40788228856,3510.755829511385
164241.39212476535,200964.57126905557,-36723.17914429022
110698.75828363832,129276.48183023467,-18577.723546596346
277265.8267829585,294567.1157360139,-17301.288953055395
290822.0260844467,275615.74740242417,15206.27868202253
241390.07439346172,265688.3726753781,-24298.298281916388
228788.3354704326,245806.8237149876,-17018.488244555017
112960.47898400782,108899.40216077454,4061.0768232332775
410932.6015819411,398440.54332074645,12492.058261194674
190286.53104496,183749.55194883418,6536.979096125811
303234.0563094802,301055.5504095047,2178.505899975542
244784.33482908932,251337.3001203598,-6552.965291270491
223180.08106346187,222247.80458958368,932.2764738781843
294081.9484590215,293542.7785063249,539.1699526965967
216309.82257679853,167081.49317146122,49228.32940533731
200349.86801333204,199568.53089101164,781.3371223204012
182269.08920284853,206827.8705886419,-24558.78138579338
189895.4847557877,175517.5387910418,14377.945964745915
310212.3470398277,292553.7329631146,17658.6140767131
193008.15700786497,178473.96233747713,14534.194670387835
229181.73211938463,190335.88495995558,38845.847159429046
152925.85861422273,160635.99681256426,-7710.138198341534
342832.2297940015,351540.91251590196,-8708.682721900463
207883.08965265792,225858.636508571,-17975.546855913097
241568.3977323869,238830.05008591435,2738.347646472539
400901.71473415085,436905.945066674,-36004.23033252312
107046.27697409288,123782.37662649754,-16736.099652404664
340294.0501914008,305675.175863256,34618.874328144826
194515.76342113188,171692.9137999104,22822.84962122148
446085.347899397,454708.44379929884,-8623.095899901818
385027.3499503692,389777.4344586819,-4750.0845083126915
220897.89750407185,228538.14527626988,-7640.247772198025
239281.4129180855,233191.3967482913,6090.016169794195
141730.54495191269,132964.24708222918,8766.297869683505
199437.70501410303,220501.30645158803,-21063.60143748499
328205.0639212948,322851.04276854097,5354.021152753849
433287.67036683584,395853.72836156655,37433.94200526929
257221.1925776505,233670.65578602272,23550.53679162779
97924.26177687295,119611.1532997177,-21686.891522844744
275900.58243782324,281156.3944426631,-5255.812004839885
461166.9630401047,459202.3269858161,1964.636054288596
174133.52860548027,193007.39862684114,-18873.870021360868
188770.853482874,213215.70658205543,-24444.853099181433
297579.54941630544,289874.99192582944,7704.557490476
304544.8917853648,295249.668355969,9295.223429395759
169806.07601723203,146802.0772747139,23003.99874251813
115987.7387240014,67130.52419620135,48857.21452780005
407273.232760762,408850.96357504616,-1577.7308142841794
247887.6916014966,245165.3082357766,2722.3833657199866
106313.92943129734,93423.77207662264,12890.157354674695
225520.6504548772,215708.69779048365,9811.952664393553
344573.6958855761,342641.38819042174,1932.3076951543335
280752.8717917568,272592.9391526993,8159.932639057515
207283.97993775763,240891.64313839062,-33607.66320063299
313676.95575761853,332873.89487791347,-19196.939120294934
251627.58404881333,283205.4722067655,-31577.88815795217
219140.16624975955,229174.92460151025,-10034.758351750701
336310.27325687534,347927.0473576641,-11616.774100788753
364331.2509587736,369671.94081534166,-5340.68985656806
336910.6156734014,283125.6543398504,53784.96133355098
246768.86784952204,260640.828802202,-13871.960952679976
154840.69905260758,122457.88525865629,32382.813793951296
307333.54375208094,298031.20224948326,9302.341502597672
175874.79098821568,194243.73203874603,-18368.941050530353
180919.2931601256,177068.87943791607,3850.413722209545
300918.1476221259,310171.9131999379,-9253.76557781198
298971.41282352124,283016.8961586355,15954.516664885741
447903.8079575941,414892.89960808936,33010.90834950475
249734.01414776515,289154.59840908385,-39420.5842613187
280914.208479911,244872.17665071867,36042.0318291923
387178.4481737971,396018.7291330815,-8840.280959284399
236318.68473590165,228108.31675370305,8210.3679821986
290083.9455475708,242811.34963613172,47272.5959114391
176490.15571532788,208547.02857334987,-32056.87285802199
447498.1884402728,429997.5498930542,17500.638547218638
238989.38639833184,192114.05186863305,46875.3345296988
485518.6551244781,437465.2835042594,48053.37162021868
206505.77681574688,215067.30848035833,-8561.531664611452
248090.72488859989,239457.2928140957,8633.432074504177
262483.2480486121,240505.99515434186,21977.252894270234
225920.08485585332,224100.5555411097,1819.5293147436169
281592.2118160114,285279.66150275356,-3687.449686742155
324608.3149676449,298908.9408632865,25699.37410435843
216986.71586494325,222210.069832172,-5223.353967228759
288252.0643448734,315928.2084285174,-27676.144083643972
207523.9617346082,200274.91740260387,7249.044332004327
219669.52766205865,188167.99893100891,31501.528731049737
381902.78662497416,383034.0960124291,-1131.3093874549377
3234.822358795118,-19438.404110744945,22673.226469540063
232998.6899469903,212084.51463039336,20914.175316596928
380270.4870625221,381662.3181605041,-1391.831097982009
307099.2564774197,320790.04872563825,-13690.792248218553
188853.62132949848,183706.51759040743,5147.10373909105
286170.8308355371,269285.5070437408,16885.323791796283
306812.67588970345,309123.7871125265,-2311.111222823034
304366.26823259634,330846.7935824377,-26480.525349841337
285903.5645322276,264435.77641512983,21467.78811709775
367193.7468425255,396054.4325249371,-28860.685682411597
115997.87188349584,84901.97427600736,31095.897607488485
134846.44789532688,181140.3600227721,-46293.91212744522
178039.3912135084,173375.8771576253,4663.514055883104
268808.5672531276,261403.8804894959,7404.686763631675
401911.93207812496,419782.6757948627,-17870.74371673772
396101.19709656615,377236.9165578087,18864.280538757448
274290.98509805475,284206.6519448647,-9915.666846809967
269481.2931437482,239519.20761245096,29962.085531297227
316608.0073383741,303200.1499855581,13407.857352815976
268839.027576578,304614.34511284274,-35775.317536264716
238907.7785077869,211346.93353636895,27560.844971417944
280009.7342854458,281784.5310386685,-1774.7967532226467
212569.8395549777,223049.95307729975,-10480.113522322063
235349.21535256488,245566.221584943,-10217.006232378131
253861.0143311043,237990.10485091346,15870.909480190836
301938.22202292446,282519.3137128756,19418.908310048864
288582.2939803439,282800.31239871454,5781.98158162937
302408.1910191453,281702.38278090255,20705.808238242753
296965.2827788987,288028.18063772947,8937.102141169249
156664.21472953638,161027.69630213903,-4363.481572602643
197847.5238478233,188451.90380678594,9395.620041037357
315573.9621787809,320037.2615666675,-4463.299387886655
216537.2258998642,195169.00759272045,21368.218307143747
171997.24340535747,191828.77476207027,-19831.531356712803
183956.762198936,161530.2844156258,22426.477783310198
251539.8320388708,266350.38523664564,-14810.553197774832
142342.02476431086,144253.25007928934,-1911.225314978481
106198.39943712074,117032.43535218728,-10834.035915066546
241846.90784314496,241304.98129435262,541.9265487923403
230026.7243023671,219477.30297383547,10549.421328531636
231677.7110299577,217211.5560542214,14466.15497573628
239328.38036226196,204368.65039935586,34959.7299629061
269065.92543462926,255515.8293512292,13550.096083400073
94292.96543425952,92506.44964007178,1786.5157941877405
233757.12023016685,224175.01385816687,9582.10637199998
265987.09961341263,261253.08848688373,4734.0111265289015
285479.3584090973,254935.74566457156,30543.612744525744
222318.90569014585,204914.7208300468,17404.18486009905
